CustomerID,Recency,Frequency,Monetary,Cluster,MembershipTier
12347,2,7,4310.0,2,Thẻ Vàng - Kim Cương (Gold)
12348,75,4,1797.24,0,Thẻ Bạc (Silver)
12349,19,1,1757.55,0,Thẻ Bạc (Silver)
12350,310,1,334.4,1,Không Thẻ / Hạng Chuẩn
12352,36,8,1545.41,0,Thẻ Bạc (Silver)
12353,204,1,89.0,1,Không Thẻ / Hạng Chuẩn
12354,232,1,1079.4,1,Không Thẻ / Hạng Chuẩn
12355,214,1,459.4,1,Không Thẻ / Hạng Chuẩn
12356,23,3,2811.43,0,Thẻ Bạc (Silver)
12357,33,1,6207.67,0,Thẻ Bạc (Silver)
12358,2,2,1168.06,0,Thẻ Bạc (Silver)
12359,58,4,6182.98,0,Thẻ Bạc (Silver)
12360,52,3,2662.06,0,Thẻ Bạc (Silver)
12361,287,1,189.9,1,Không Thẻ / Hạng Chuẩn
12362,3,10,5154.58,2,Thẻ Vàng - Kim Cương (Gold)
12363,110,2,552.0,1,Không Thẻ / Hạng Chuẩn
12364,8,4,1313.1,0,Thẻ Bạc (Silver)
12365,291,2,320.69,1,Không Thẻ / Hạng Chuẩn
12367,4,1,168.9,1,Không Thẻ / Hạng Chuẩn
12370,51,4,3541.94,0,Thẻ Bạc (Silver)
12371,45,2,1887.96,0,Thẻ Bạc (Silver)
12372,72,3,1298.04,0,Thẻ Bạc (Silver)
12373,311,1,364.6,1,Không Thẻ / Hạng Chuẩn
12374,25,1,742.93,0,Thẻ Bạc (Silver)
12375,11,2,455.42,0,Thẻ Bạc (Silver)
12377,315,2,1628.12,0,Thẻ Bạc (Silver)
12378,130,1,4008.62,0,Thẻ Bạc (Silver)
12379,82,2,850.29,0,Thẻ Bạc (Silver)
12380,22,4,2720.56,0,Thẻ Bạc (Silver)
12381,5,5,1803.96,2,Thẻ Vàng - Kim Cương (Gold)
12383,185,5,1839.31,0,Thẻ Bạc (Silver)
12384,29,2,566.16,0,Thẻ Bạc (Silver)
12386,338,2,401.9,1,Không Thẻ / Hạng Chuẩn
12388,16,6,2780.66,2,Thẻ Vàng - Kim Cương (Gold)
12390,80,1,549.84,1,Không Thẻ / Hạng Chuẩn
12391,22,1,439.66,1,Không Thẻ / Hạng Chuẩn
12393,72,4,1582.6,0,Thẻ Bạc (Silver)
12394,64,2,1272.48,0,Thẻ Bạc (Silver)
12395,19,12,2998.28,2,Thẻ Vàng - Kim Cương (Gold)
12397,36,2,2409.9,0,Thẻ Bạc (Silver)
12398,46,1,1635.66,0,Thẻ Bạc (Silver)
12399,119,4,1108.65,0,Thẻ Bạc (Silver)
12401,303,1,84.3,1,Không Thẻ / Hạng Chuẩn
12402,323,1,225.6,1,Không Thẻ / Hạng Chuẩn
12403,50,1,409.7,1,Không Thẻ / Hạng Chuẩn
12405,149,1,1710.39,1,Không Thẻ / Hạng Chuẩn
12406,22,2,3280.75,0,Thẻ Bạc (Silver)
12407,50,5,1708.12,0,Thẻ Bạc (Silver)
12408,33,5,2842.57,0,Thẻ Bạc (Silver)
12409,79,3,11056.93,0,Thẻ Bạc (Silver)
12410,309,2,681.08,1,Không Thẻ / Hạng Chuẩn
12412,75,3,1226.88,0,Thẻ Bạc (Silver)
12413,67,3,694.15,0,Thẻ Bạc (Silver)
12414,217,3,562.41,1,Không Thẻ / Hạng Chuẩn
12415,24,21,123725.45,2,Thẻ Vàng - Kim Cương (Gold)
12417,3,9,3578.8,2,Thẻ Vàng - Kim Cương (Gold)
12418,113,1,668.58,1,Không Thẻ / Hạng Chuẩn
12420,64,1,600.39,1,Không Thẻ / Hạng Chuẩn
12421,16,4,806.27,0,Thẻ Bạc (Silver)
12422,96,3,803.56,0,Thẻ Bạc (Silver)
12423,1,8,1849.11,2,Thẻ Vàng - Kim Cương (Gold)
12424,163,2,1760.96,0,Thẻ Bạc (Silver)
12425,78,1,777.2,1,Không Thẻ / Hạng Chuẩn
12426,195,1,582.73,1,Không Thẻ / Hạng Chuẩn
12427,22,3,708.37,0,Thẻ Bạc (Silver)
12428,26,9,7877.2,2,Thẻ Vàng - Kim Cương (Gold)
12429,9,4,3750.4,2,Thẻ Vàng - Kim Cương (Gold)
12430,43,1,256.4,1,Không Thẻ / Hạng Chuẩn
12431,36,15,6348.89,2,Thẻ Vàng - Kim Cương (Gold)
12432,43,5,5059.32,0,Thẻ Bạc (Silver)
12433,1,7,13375.87,2,Thẻ Vàng - Kim Cương (Gold)
12434,85,2,765.19,0,Thẻ Bạc (Silver)
12435,80,2,7829.89,0,Thẻ Bạc (Silver)
12436,100,1,509.01,1,Không Thẻ / Hạng Chuẩn
12437,2,18,4896.66,2,Thẻ Vàng - Kim Cương (Gold)
12438,14,2,2906.85,0,Thẻ Bạc (Silver)
12441,367,1,173.55,1,Không Thẻ / Hạng Chuẩn
12442,3,1,172.06,0,Thẻ Bạc (Silver)
12444,21,5,5005.46,2,Thẻ Vàng - Kim Cương (Gold)
12445,22,1,133.4,1,Không Thẻ / Hạng Chuẩn
12446,58,1,1002.31,1,Không Thẻ / Hạng Chuẩn
12447,243,1,476.49,1,Không Thẻ / Hạng Chuẩn
12448,44,1,449.45,1,Không Thẻ / Hạng Chuẩn
12449,22,4,4067.29,0,Thẻ Bạc (Silver)
12450,156,2,197.88,1,Không Thẻ / Hạng Chuẩn
12451,11,5,8933.52,2,Thẻ Vàng - Kim Cương (Gold)
12452,17,2,428.57,0,Thẻ Bạc (Silver)
12453,134,1,707.09,1,Không Thẻ / Hạng Chuẩn
12455,73,6,2466.86,0,Thẻ Bạc (Silver)
12456,44,3,3153.89,0,Thẻ Bạc (Silver)
12457,66,7,1917.78,0,Thẻ Bạc (Silver)
12458,71,2,947.4,0,Thẻ Bạc (Silver)
12461,94,2,826.88,0,Thẻ Bạc (Silver)
12462,19,2,1124.01,0,Thẻ Bạc (Silver)
12463,53,4,1303.63,0,Thẻ Bạc (Silver)
12464,10,8,1212.05,2,Thẻ Vàng - Kim Cương (Gold)
12465,17,2,733.89,0,Thẻ Bạc (Silver)
12468,188,2,724.04,1,Không Thẻ / Hạng Chuẩn
12471,2,30,18705.52,2,Thẻ Vàng - Kim Cương (Gold)
12472,32,7,6229.48,2,Thẻ Vàng - Kim Cương (Gold)
12473,29,5,2837.73,0,Thẻ Bạc (Silver)
12474,17,18,7064.77,2,Thẻ Vàng - Kim Cương (Gold)
12475,54,1,723.38,1,Không Thẻ / Hạng Chuẩn
12476,16,11,6546.58,2,Thẻ Vàng - Kim Cương (Gold)
12477,23,6,13117.01,2,Thẻ Vàng - Kim Cương (Gold)
12478,4,1,680.99,0,Thẻ Bạc (Silver)
12479,11,1,477.3,0,Thẻ Bạc (Silver)
12480,28,4,3281.63,0,Thẻ Bạc (Silver)
12481,23,10,5574.36,2,Thẻ Vàng - Kim Cương (Gold)
12483,17,8,2327.13,2,Thẻ Vàng - Kim Cương (Gold)
12484,33,6,4480.87,2,Thẻ Vàng - Kim Cương (Gold)
12488,10,3,1298.66,0,Thẻ Bạc (Silver)
12489,336,1,334.93,1,Không Thẻ / Hạng Chuẩn
12490,5,10,5417.93,2,Thẻ Vàng - Kim Cương (Gold)
12491,39,1,460.4,1,Không Thẻ / Hạng Chuẩn
12492,63,2,263.21,1,Không Thẻ / Hạng Chuẩn
12493,166,2,416.79,1,Không Thẻ / Hạng Chuẩn
12494,16,7,1139.35,0,Thẻ Bạc (Silver)
12497,82,1,1043.1,1,Không Thẻ / Hạng Chuẩn
12498,21,3,403.7,0,Thẻ Bạc (Silver)
12500,23,11,4206.27,2,Thẻ Vàng - Kim Cương (Gold)
12501,337,1,2089.68,1,Không Thẻ / Hạng Chuẩn
12502,96,5,3723.87,0,Thẻ Bạc (Silver)
12504,18,2,114.0,1,Không Thẻ / Hạng Chuẩn
12506,233,1,73.5,1,Không Thẻ / Hạng Chuẩn
12507,134,3,1258.06,0,Thẻ Bạc (Silver)
12508,26,2,397.88,0,Thẻ Bạc (Silver)
12509,284,1,176.5,1,Không Thẻ / Hạng Chuẩn
12510,143,2,982.57,0,Thẻ Bạc (Silver)
12512,66,2,132.18,1,Không Thẻ / Hạng Chuẩn
12513,113,1,586.79,1,Không Thẻ / Hạng Chuẩn
12514,267,1,1017.68,1,Không Thẻ / Hạng Chuẩn
12515,353,1,383.7,1,Không Thẻ / Hạng Chuẩn
12516,78,2,1312.06,0,Thẻ Bạc (Silver)
12517,28,5,2443.65,0,Thẻ Bạc (Silver)
12518,1,5,2056.89,2,Thẻ Vàng - Kim Cương (Gold)
12519,64,1,330.84,1,Không Thẻ / Hạng Chuẩn
12520,79,5,2582.51,0,Thẻ Bạc (Silver)
12521,143,1,599.68,1,Không Thẻ / Hạng Chuẩn
12522,39,2,192.72,1,Không Thẻ / Hạng Chuẩn
12523,19,11,1745.57,2,Thẻ Vàng - Kim Cương (Gold)
12524,9,8,4485.72,2,Thẻ Vàng - Kim Cương (Gold)
12526,1,3,1316.66,2,Thẻ Vàng - Kim Cương (Gold)
12527,82,3,348.71,0,Thẻ Bạc (Silver)
12528,9,6,1922.28,2,Thẻ Vàng - Kim Cương (Gold)
12530,60,4,1623.63,0,Thẻ Bạc (Silver)
12531,15,1,125.22,1,Không Thẻ / Hạng Chuẩn
12532,30,1,349.83,1,Không Thẻ / Hạng Chuẩn
12534,131,1,1089.18,1,Không Thẻ / Hạng Chuẩn
12535,92,2,716.35,0,Thẻ Bạc (Silver)
12536,43,3,4106.82,0,Thẻ Bạc (Silver)
12538,29,1,363.95,1,Không Thẻ / Hạng Chuẩn
12539,22,4,3852.5,0,Thẻ Bạc (Silver)
12540,20,17,13309.04,2,Thẻ Vàng - Kim Cương (Gold)
12541,30,3,981.18,0,Thẻ Bạc (Silver)
12544,36,1,355.7,1,Không Thẻ / Hạng Chuẩn
12545,75,2,1000.39,0,Thẻ Bạc (Silver)
12546,47,2,1141.5,0,Thẻ Bạc (Silver)
12547,198,2,207.8,1,Không Thẻ / Hạng Chuẩn
12548,166,1,95.2,1,Không Thẻ / Hạng Chuẩn
12550,79,1,964.83,1,Không Thẻ / Hạng Chuẩn
12551,358,1,168.0,1,Không Thẻ / Hạng Chuẩn
12552,39,2,437.82,0,Thẻ Bạc (Silver)
12553,8,10,3652.25,2,Thẻ Vàng - Kim Cương (Gold)
12556,50,2,599.56,0,Thẻ Bạc (Silver)
12557,16,5,11990.96,2,Thẻ Vàng - Kim Cương (Gold)
12559,311,2,536.21,1,Không Thẻ / Hạng Chuẩn
12560,5,3,2101.39,2,Thẻ Vàng - Kim Cương (Gold)
12561,303,1,238.85,1,Không Thẻ / Hạng Chuẩn
12562,8,7,3781.74,2,Thẻ Vàng - Kim Cương (Gold)
12564,261,1,456.9,1,Không Thẻ / Hạng Chuẩn
12565,289,1,131.17,1,Không Thẻ / Hạng Chuẩn
12566,86,1,346.7,1,Không Thẻ / Hạng Chuẩn
12567,23,10,9114.94,2,Thẻ Vàng - Kim Cương (Gold)
12569,2,32,4064.99,2,Thẻ Vàng - Kim Cương (Gold)
12571,40,2,519.61,0,Thẻ Bạc (Silver)
12572,9,2,1004.72,0,Thẻ Bạc (Silver)
12573,227,1,160.54,1,Không Thẻ / Hạng Chuẩn
12574,316,1,218.45,1,Không Thẻ / Hạng Chuẩn
12576,36,5,1306.98,0,Thẻ Bạc (Silver)
12577,35,3,564.2,0,Thẻ Bạc (Silver)
12578,21,2,2753.36,0,Thẻ Bạc (Silver)
12579,78,1,410.72,1,Không Thẻ / Hạng Chuẩn
12580,247,1,415.7,1,Không Thẻ / Hạng Chuẩn
12581,40,1,197.71,1,Không Thẻ / Hạng Chuẩn
12582,239,2,511.36,1,Không Thẻ / Hạng Chuẩn
12583,3,15,7187.34,2,Thẻ Vàng - Kim Cương (Gold)
12584,4,9,1893.95,2,Thẻ Vàng - Kim Cương (Gold)
12585,234,2,1982.81,0,Thẻ Bạc (Silver)
12586,17,1,179.94,1,Không Thẻ / Hạng Chuẩn
12587,8,1,144.0,1,Không Thẻ / Hạng Chuẩn
12588,39,1,214.9,1,Không Thẻ / Hạng Chuẩn
12589,29,2,646.68,0,Thẻ Bạc (Silver)
12590,211,2,9861.38,0,Thẻ Bạc (Silver)
12591,317,1,452.85,1,Không Thẻ / Hạng Chuẩn
12592,92,2,437.6,1,Không Thẻ / Hạng Chuẩn
12593,109,3,418.1,0,Thẻ Bạc (Silver)
12594,38,10,3320.22,2,Thẻ Vàng - Kim Cương (Gold)
12596,51,2,618.27,0,Thẻ Bạc (Silver)
12597,19,4,3683.13,0,Thẻ Bạc (Silver)
12598,10,8,3002.68,2,Thẻ Vàng - Kim Cương (Gold)
12599,29,7,1032.58,0,Thẻ Bạc (Silver)
12600,29,10,2581.04,2,Thẻ Vàng - Kim Cương (Gold)
12601,190,5,569.56,0,Thẻ Bạc (Silver)
12602,59,1,153.12,1,Không Thẻ / Hạng Chuẩn
12603,22,1,739.2,0,Thẻ Bạc (Silver)
12604,79,2,254.18,1,Không Thẻ / Hạng Chuẩn
12609,78,3,1126.85,0,Thẻ Bạc (Silver)
12610,23,5,2057.99,0,Thẻ Bạc (Silver)
12611,52,1,1193.32,0,Thẻ Bạc (Silver)
12612,74,1,643.59,1,Không Thẻ / Hạng Chuẩn
12613,57,5,3218.98,0,Thẻ Bạc (Silver)
12614,278,1,315.6,1,Không Thẻ / Hạng Chuẩn
12615,2,4,2291.19,2,Thẻ Vàng - Kim Cương (Gold)
12616,95,2,657.25,0,Thẻ Bạc (Silver)
12617,29,1,352.98,1,Không Thẻ / Hạng Chuẩn
12618,22,1,177.31,1,Không Thẻ / Hạng Chuẩn
12619,16,9,3214.81,2,Thẻ Vàng - Kim Cương (Gold)
12620,15,3,1339.41,0,Thẻ Bạc (Silver)
12621,2,20,13612.07,2,Thẻ Vàng - Kim Cương (Gold)
12622,232,1,180.1,1,Không Thẻ / Hạng Chuẩn
12623,276,1,305.1,1,Không Thẻ / Hạng Chuẩn
12624,106,2,641.13,1,Không Thẻ / Hạng Chuẩn
12625,212,2,2614.32,0,Thẻ Bạc (Silver)
12626,23,9,6388.35,2,Thẻ Vàng - Kim Cương (Gold)
12627,11,7,4478.53,2,Thẻ Vàng - Kim Cương (Gold)
12628,4,3,769.61,0,Thẻ Bạc (Silver)
12630,10,2,1270.88,0,Thẻ Bạc (Silver)
12631,57,1,640.5,1,Không Thẻ / Hạng Chuẩn
12633,59,4,2140.63,0,Thẻ Bạc (Silver)
12635,90,2,1689.18,0,Thẻ Bạc (Silver)
12637,67,8,5934.25,2,Thẻ Vàng - Kim Cương (Gold)
12638,33,1,671.69,1,Không Thẻ / Hạng Chuẩn
12639,239,1,486.1,1,Không Thẻ / Hạng Chuẩn
12640,24,3,1174.58,0,Thẻ Bạc (Silver)
12641,115,1,185.9,1,Không Thẻ / Hạng Chuẩn
12642,25,3,1013.26,0,Thẻ Bạc (Silver)
12643,128,6,3344.64,0,Thẻ Bạc (Silver)
12644,130,1,477.91,1,Không Thẻ / Hạng Chuẩn
12645,34,4,1755.38,0,Thẻ Bạc (Silver)
12646,5,2,1346.97,0,Thẻ Bạc (Silver)
12647,22,12,3669.92,2,Thẻ Vàng - Kim Cương (Gold)
12648,155,1,318.05,1,Không Thẻ / Hạng Chuẩn
12649,107,3,603.71,0,Thẻ Bạc (Silver)
12650,3,1,314.44,0,Thẻ Bạc (Silver)
12651,335,1,114.0,1,Không Thẻ / Hạng Chuẩn
12652,331,1,914.53,1,Không Thẻ / Hạng Chuẩn
12653,149,2,2209.85,0,Thẻ Bạc (Silver)
12654,11,5,601.98,0,Thẻ Bạc (Silver)
12656,17,5,3982.72,2,Thẻ Vàng - Kim Cương (Gold)
12657,11,4,1152.06,0,Thẻ Bạc (Silver)
12658,19,1,686.05,0,Thẻ Bạc (Silver)
12659,30,1,91.68,1,Không Thẻ / Hạng Chuẩn
12660,11,1,245.1,1,Không Thẻ / Hạng Chuẩn
12662,1,11,3817.08,2,Thẻ Vàng - Kim Cương (Gold)
12664,8,9,4863.88,2,Thẻ Vàng - Kim Cương (Gold)
12665,325,1,61.75,1,Không Thẻ / Hạng Chuẩn
12667,58,1,620.13,1,Không Thẻ / Hạng Chuẩn
12668,12,4,3743.18,2,Thẻ Vàng - Kim Cương (Gold)
12669,151,3,1607.73,0,Thẻ Bạc (Silver)
12670,10,5,2986.15,2,Thẻ Vàng - Kim Cương (Gold)
12672,330,1,225.9,1,Không Thẻ / Hạng Chuẩn
12673,5,2,610.52,0,Thẻ Bạc (Silver)
12674,39,4,1922.26,0,Thẻ Bạc (Silver)
12676,25,6,1331.39,0,Thẻ Bạc (Silver)
12678,42,12,17588.26,2,Thẻ Vàng - Kim Cương (Gold)
12679,59,4,1058.67,0,Thẻ Bạc (Silver)
12680,1,4,862.81,2,Thẻ Vàng - Kim Cương (Gold)
12681,15,22,13677.59,2,Thẻ Vàng - Kim Cương (Gold)
12682,4,31,12279.82,2,Thẻ Vàng - Kim Cương (Gold)
12683,4,15,8221.09,2,Thẻ Vàng - Kim Cương (Gold)
12684,8,7,2283.63,2,Thẻ Vàng - Kim Cương (Gold)
12685,28,6,2863.08,0,Thẻ Bạc (Silver)
12686,372,1,89.14,1,Không Thẻ / Hạng Chuẩn
12688,114,1,4873.81,0,Thẻ Bạc (Silver)
12689,26,2,1247.61,0,Thẻ Bạc (Silver)
12690,206,1,389.01,1,Không Thẻ / Hạng Chuẩn
12691,28,6,1035.8,0,Thẻ Bạc (Silver)
12693,127,4,830.96,0,Thẻ Bạc (Silver)
12694,70,2,869.67,0,Thẻ Bạc (Silver)
12695,7,4,582.1,0,Thẻ Bạc (Silver)
12697,29,3,939.02,0,Thẻ Bạc (Silver)
12700,8,4,4867.99,2,Thẻ Vàng - Kim Cương (Gold)
12701,80,2,797.71,0,Thẻ Bạc (Silver)
12702,20,1,219.0,1,Không Thẻ / Hạng Chuẩn
12703,71,1,274.7,1,Không Thẻ / Hạng Chuẩn
12704,7,8,2220.84,2,Thẻ Vàng - Kim Cương (Gold)
12705,15,9,6814.24,2,Thẻ Vàng - Kim Cương (Gold)
12707,292,1,603.42,1,Không Thẻ / Hạng Chuẩn
12708,30,10,2616.32,2,Thẻ Vàng - Kim Cương (Gold)
12709,15,15,9264.1,2,Thẻ Vàng - Kim Cương (Gold)
12710,97,3,1130.57,0,Thẻ Bạc (Silver)
12712,29,13,4241.63,2,Thẻ Vàng - Kim Cương (Gold)
12713,1,1,848.55,0,Thẻ Bạc (Silver)
12714,9,5,4708.86,2,Thẻ Vàng - Kim Cương (Gold)
12715,106,1,343.36,1,Không Thẻ / Hạng Chuẩn
12716,4,2,1053.49,0,Thẻ Bạc (Silver)
12717,151,2,980.98,0,Thẻ Bạc (Silver)
12718,71,1,238.25,1,Không Thẻ / Hạng Chuẩn
12719,5,2,608.1,0,Thẻ Bạc (Silver)
12720,3,25,5713.28,2,Thẻ Vàng - Kim Cương (Gold)
12721,32,6,2628.98,0,Thẻ Bạc (Silver)
12722,85,4,904.33,0,Thẻ Bạc (Silver)
12723,4,5,725.07,0,Thẻ Bạc (Silver)
12724,5,4,1031.41,0,Thẻ Bạc (Silver)
12725,371,1,427.8,1,Không Thẻ / Hạng Chuẩn
12726,28,7,2609.1,2,Thẻ Vàng - Kim Cương (Gold)
12727,11,7,3947.7,2,Thẻ Vàng - Kim Cương (Gold)
12728,71,4,836.33,0,Thẻ Bạc (Silver)
12729,114,1,453.01,1,Không Thẻ / Hạng Chuẩn
12731,24,12,18793.41,2,Thẻ Vàng - Kim Cương (Gold)
12732,180,1,236.26,1,Không Thẻ / Hạng Chuẩn
12733,234,1,383.95,1,Không Thẻ / Hạng Chuẩn
12734,353,1,110.4,1,Không Thẻ / Hạng Chuẩn
12735,315,2,779.57,1,Không Thẻ / Hạng Chuẩn
12736,333,1,234.0,1,Không Thẻ / Hạng Chuẩn
12738,372,1,155.35,1,Không Thẻ / Hạng Chuẩn
12739,78,2,1013.04,0,Thẻ Bạc (Silver)
12740,64,1,427.6,1,Không Thẻ / Hạng Chuẩn
12743,134,2,540.13,1,Không Thẻ / Hạng Chuẩn
12744,52,7,9120.39,2,Thẻ Vàng - Kim Cương (Gold)
12747,2,11,4196.01,2,Thẻ Vàng - Kim Cương (Gold)
12748,1,209,28405.56,2,Thẻ Vàng - Kim Cương (Gold)
12749,4,5,3868.2,2,Thẻ Vàng - Kim Cương (Gold)
12750,129,1,275.88,1,Không Thẻ / Hạng Chuẩn
12752,81,1,4366.78,0,Thẻ Bạc (Silver)
12753,23,6,21024.01,2,Thẻ Vàng - Kim Cương (Gold)
12754,236,3,2949.12,0,Thẻ Bạc (Silver)
12755,281,2,2203.2,0,Thẻ Bạc (Silver)
12756,87,1,112.08,1,Không Thẻ / Hạng Chuẩn
12757,16,13,4205.25,2,Thẻ Vàng - Kim Cương (Gold)
12758,117,2,2791.59,0,Thẻ Bạc (Silver)
12759,52,3,1531.44,0,Thẻ Bạc (Silver)
12762,8,2,1898.52,0,Thẻ Bạc (Silver)
12763,138,2,494.08,1,Không Thẻ / Hạng Chuẩn
12764,317,1,1693.88,1,Không Thẻ / Hạng Chuẩn
12766,4,7,6989.63,2,Thẻ Vàng - Kim Cương (Gold)
12769,239,1,1143.6,1,Không Thẻ / Hạng Chuẩn
12770,211,1,1351.45,1,Không Thẻ / Hạng Chuẩn
12772,60,1,892.47,1,Không Thẻ / Hạng Chuẩn
12775,17,5,1351.24,0,Thẻ Bạc (Silver)
12778,20,6,804.23,0,Thẻ Bạc (Silver)
12779,38,8,3868.7,2,Thẻ Vàng - Kim Cương (Gold)
12781,64,2,707.72,0,Thẻ Bạc (Silver)
12782,5,5,2273.32,2,Thẻ Vàng - Kim Cương (Gold)
12783,2,6,1603.87,2,Thẻ Vàng - Kim Cương (Gold)
12784,9,2,532.82,0,Thẻ Bạc (Silver)
12785,364,1,305.71,1,Không Thẻ / Hạng Chuẩn
12787,10,3,463.66,0,Thẻ Bạc (Silver)
12789,65,1,91.85,1,Không Thẻ / Hạng Chuẩn
12790,192,1,324.92,1,Không Thẻ / Hạng Chuẩn
12791,374,1,192.6,1,Không Thẻ / Hạng Chuẩn
12792,257,1,400.54,1,Không Thẻ / Hạng Chuẩn
12793,335,2,545.48,1,Không Thẻ / Hạng Chuẩn
12794,53,2,860.41,0,Thẻ Bạc (Silver)
12795,19,1,430.48,1,Không Thẻ / Hạng Chuẩn
12797,366,1,194.18,1,Không Thẻ / Hạng Chuẩn
12798,10,3,6977.04,2,Thẻ Vàng - Kim Cương (Gold)
12802,187,1,412.58,1,Không Thẻ / Hạng Chuẩn
12808,37,3,483.65,0,Thẻ Bạc (Silver)
12809,178,1,484.36,1,Không Thẻ / Hạng Chuẩn
12811,261,3,514.85,1,Không Thẻ / Hạng Chuẩn
12812,45,1,229.64,1,Không Thẻ / Hạng Chuẩn
12814,102,1,125.92,1,Không Thẻ / Hạng Chuẩn
12815,148,2,1063.46,0,Thẻ Bạc (Silver)
12816,96,2,572.2,1,Không Thẻ / Hạng Chuẩn
12817,281,1,166.04,1,Không Thẻ / Hạng Chuẩn
12818,262,1,1517.88,1,Không Thẻ / Hạng Chuẩn
12820,3,4,942.34,2,Thẻ Vàng - Kim Cương (Gold)
12821,214,1,92.72,1,Không Thẻ / Hạng Chuẩn
12822,71,2,918.98,0,Thẻ Bạc (Silver)
12823,75,5,1759.5,0,Thẻ Bạc (Silver)
12824,60,1,397.12,1,Không Thẻ / Hạng Chuẩn
12826,3,7,1468.12,2,Thẻ Vàng - Kim Cương (Gold)
12827,6,3,430.15,0,Thẻ Bạc (Silver)
12828,3,6,1018.71,2,Thẻ Vàng - Kim Cương (Gold)
12829,337,2,253.05,1,Không Thẻ / Hạng Chuẩn
12830,38,6,6748.4,2,Thẻ Vàng - Kim Cương (Gold)
12831,262,1,215.05,1,Không Thẻ / Hạng Chuẩn
12832,32,2,383.03,0,Thẻ Bạc (Silver)
12833,145,1,417.38,1,Không Thẻ / Hạng Chuẩn
12834,283,1,312.38,1,Không Thẻ / Hạng Chuẩn
12836,59,4,2610.36,0,Thẻ Bạc (Silver)
12837,173,1,134.1,1,Không Thẻ / Hạng Chuẩn
12838,34,2,671.95,0,Thẻ Bạc (Silver)
12839,3,14,5583.62,2,Thẻ Vàng - Kim Cương (Gold)
12840,144,4,2714.27,0,Thẻ Bạc (Silver)
12841,5,25,3845.63,2,Thẻ Vàng - Kim Cương (Gold)
12842,70,2,1118.99,0,Thẻ Bạc (Silver)
12843,66,8,1680.76,0,Thẻ Bạc (Silver)
12844,29,2,325.96,0,Thẻ Bạc (Silver)
12845,267,4,354.09,1,Không Thẻ / Hạng Chuẩn
12847,22,1,843.64,0,Thẻ Bạc (Silver)
12849,31,2,1010.29,0,Thẻ Bạc (Silver)
12851,97,1,131.81,1,Không Thẻ / Hạng Chuẩn
12852,295,1,299.75,1,Không Thẻ / Hạng Chuẩn
12853,135,6,1881.7,0,Thẻ Bạc (Silver)
12854,79,3,1280.9,0,Thẻ Bạc (Silver)
12855,373,1,38.1,1,Không Thẻ / Hạng Chuẩn
12856,8,6,2153.53,2,Thẻ Vàng - Kim Cương (Gold)
12857,211,2,1106.4,1,Không Thẻ / Hạng Chuẩn
12863,52,1,504.2,1,Không Thẻ / Hạng Chuẩn
12864,138,1,147.12,1,Không Thẻ / Hạng Chuẩn
12865,26,2,1548.07,0,Thẻ Bạc (Silver)
12866,283,1,559.12,1,Không Thẻ / Hạng Chuẩn
12867,26,7,3958.74,2,Thẻ Vàng - Kim Cương (Gold)
12868,186,6,1607.06,0,Thẻ Bạc (Silver)
12871,84,2,380.64,1,Không Thẻ / Hạng Chuẩn
12872,327,2,599.97,1,Không Thẻ / Hạng Chuẩn
12873,282,1,374.0,1,Không Thẻ / Hạng Chuẩn
12875,143,2,343.23,1,Không Thẻ / Hạng Chuẩn
12876,58,2,2218.02,0,Thẻ Bạc (Silver)
12877,4,12,1535.77,2,Thẻ Vàng - Kim Cương (Gold)
12878,236,2,841.64,1,Không Thẻ / Hạng Chuẩn
12879,45,3,552.57,0,Thẻ Bạc (Silver)
12881,276,1,298.0,1,Không Thẻ / Hạng Chuẩn
12882,9,2,1463.04,0,Thẻ Bạc (Silver)
12883,25,4,703.47,0,Thẻ Bạc (Silver)
12884,88,1,309.05,1,Không Thẻ / Hạng Chuẩn
12885,63,3,1158.27,0,Thẻ Bạc (Silver)
12886,68,2,1351.09,0,Thẻ Bạc (Silver)
12888,214,2,313.77,1,Không Thẻ / Hạng Chuẩn
12890,24,1,376.72,1,Không Thẻ / Hạng Chuẩn
12891,186,3,331.0,1,Không Thẻ / Hạng Chuẩn
12893,31,1,176.55,1,Không Thẻ / Hạng Chuẩn
12895,42,2,347.3,1,Không Thẻ / Hạng Chuẩn
12897,205,2,216.5,1,Không Thẻ / Hạng Chuẩn
12901,9,28,16293.1,2,Thẻ Vàng - Kim Cương (Gold)
12902,265,1,138.68,1,Không Thẻ / Hạng Chuẩn
12904,18,2,496.06,0,Thẻ Bạc (Silver)
12906,12,5,2919.81,2,Thẻ Vàng - Kim Cương (Gold)
12908,176,2,246.0,1,Không Thẻ / Hạng Chuẩn
12909,40,5,2128.83,0,Thẻ Bạc (Silver)
12910,23,8,3075.04,2,Thẻ Vàng - Kim Cương (Gold)
12912,3,5,1662.3,2,Thẻ Vàng - Kim Cương (Gold)
12913,5,5,2483.63,2,Thẻ Vàng - Kim Cương (Gold)
12915,149,2,363.65,1,Không Thẻ / Hạng Chuẩn
12916,139,4,2921.15,0,Thẻ Bạc (Silver)
12917,128,1,594.0,1,Không Thẻ / Hạng Chuẩn
12919,8,6,1301.44,2,Thẻ Vàng - Kim Cương (Gold)
12920,17,1,162.78,1,Không Thẻ / Hạng Chuẩn
12921,9,37,16389.74,2,Thẻ Vàng - Kim Cương (Gold)
12922,161,1,405.38,1,Không Thẻ / Hạng Chuẩn
12923,64,1,172.82,1,Không Thẻ / Hạng Chuẩn
12924,88,4,929.95,0,Thẻ Bạc (Silver)
12925,5,2,694.05,0,Thẻ Bạc (Silver)
12928,35,5,2062.7,0,Thẻ Bạc (Silver)
12929,312,1,105.1,1,Không Thẻ / Hạng Chuẩn
12930,78,2,409.9,1,Không Thẻ / Hạng Chuẩn
12931,22,15,33462.81,2,Thẻ Vàng - Kim Cương (Gold)
12933,24,3,606.28,0,Thẻ Bạc (Silver)
12935,2,7,2156.45,2,Thẻ Vàng - Kim Cương (Gold)
12936,17,4,1012.9,0,Thẻ Bạc (Silver)
12937,15,4,1504.27,0,Thẻ Bạc (Silver)
12938,26,1,114.14,1,Không Thẻ / Hạng Chuẩn
12939,64,8,11581.8,2,Thẻ Vàng - Kim Cương (Gold)
12940,55,2,862.44,0,Thẻ Bạc (Silver)
12942,131,3,675.6,0,Thẻ Bạc (Silver)
12944,36,2,604.51,0,Thẻ Bạc (Silver)
12945,288,1,462.95,1,Không Thẻ / Hạng Chuẩn
12947,144,6,1407.29,0,Thẻ Bạc (Silver)
12948,16,7,2053.7,2,Thẻ Vàng - Kim Cương (Gold)
12949,31,8,4143.02,2,Thẻ Vàng - Kim Cương (Gold)
12950,2,3,1843.0,2,Thẻ Vàng - Kim Cương (Gold)
12951,9,6,1042.07,0,Thẻ Bạc (Silver)
12952,6,4,1382.84,0,Thẻ Bạc (Silver)
12953,10,1,329.85,1,Không Thẻ / Hạng Chuẩn
12955,1,11,4734.26,2,Thẻ Vàng - Kim Cương (Gold)
12956,306,1,108.07,1,Không Thẻ / Hạng Chuẩn
12957,10,8,3979.04,2,Thẻ Vàng - Kim Cương (Gold)
12962,7,2,266.39,0,Thẻ Bạc (Silver)
12963,8,8,1841.03,2,Thẻ Vàng - Kim Cương (Gold)
12965,89,1,769.81,1,Không Thẻ / Hạng Chuẩn
12966,10,1,160.18,1,Không Thẻ / Hạng Chuẩn
12967,358,2,1194.75,1,Không Thẻ / Hạng Chuẩn
12968,112,1,135.95,1,Không Thẻ / Hạng Chuẩn
12970,7,4,405.47,0,Thẻ Bạc (Silver)
12971,4,86,10930.26,2,Thẻ Vàng - Kim Cương (Gold)
12974,198,1,144.8,1,Không Thẻ / Hạng Chuẩn
12976,212,1,738.6,1,Không Thẻ / Hạng Chuẩn
12977,156,1,39.24,1,Không Thẻ / Hạng Chuẩn
12980,158,9,7092.06,2,Thẻ Vàng - Kim Cương (Gold)
12981,30,2,372.22,0,Thẻ Bạc (Silver)
12982,243,1,377.2,1,Không Thẻ / Hạng Chuẩn
12984,19,1,97.5,1,Không Thẻ / Hạng Chuẩn
12985,1,2,1215.62,2,Thẻ Vàng - Kim Cương (Gold)
12987,74,2,545.0,0,Thẻ Bạc (Silver)
12988,292,1,505.82,1,Không Thẻ / Hạng Chuẩn
12989,3,15,6854.51,2,Thẻ Vàng - Kim Cương (Gold)
12990,31,3,409.5,0,Thẻ Bạc (Silver)
12991,23,2,503.76,0,Thẻ Bạc (Silver)
12993,23,4,414.76,0,Thẻ Bạc (Silver)
12994,4,3,902.22,0,Thẻ Bạc (Silver)
12995,85,1,200.72,1,Không Thẻ / Hạng Chuẩn
12997,22,4,1197.94,0,Thẻ Bạc (Silver)
12999,196,3,455.88,1,Không Thẻ / Hạng Chuẩn
13000,107,3,534.85,0,Thẻ Bạc (Silver)
13001,4,13,9765.07,2,Thẻ Vàng - Kim Cương (Gold)
13002,318,1,120.95,1,Không Thẻ / Hạng Chuẩn
13003,106,3,149.05,1,Không Thẻ / Hạng Chuẩn
13004,12,18,5613.43,2,Thẻ Vàng - Kim Cương (Gold)
13005,174,2,468.95,1,Không Thẻ / Hạng Chuẩn
13006,56,1,81.57,1,Không Thẻ / Hạng Chuẩn
13008,323,1,178.47,1,Không Thẻ / Hạng Chuẩn
13011,372,1,50.55,1,Không Thẻ / Hạng Chuẩn
13012,9,8,1296.62,2,Thẻ Vàng - Kim Cương (Gold)
13013,1,13,4786.99,2,Thẻ Vàng - Kim Cương (Gold)
13014,11,10,3365.43,2,Thẻ Vàng - Kim Cương (Gold)
13015,53,5,3339.64,0,Thẻ Bạc (Silver)
13016,73,3,789.89,0,Thẻ Bạc (Silver)
13017,7,1,204.0,1,Không Thẻ / Hạng Chuẩn
13018,16,28,7272.75,2,Thẻ Vàng - Kim Cương (Gold)
13021,4,9,2584.4,2,Thẻ Vàng - Kim Cương (Gold)
13023,64,2,689.9,0,Thẻ Bạc (Silver)
13026,1,5,936.15,2,Thẻ Vàng - Kim Cương (Gold)
13027,114,6,6912.0,0,Thẻ Bạc (Silver)
13028,23,2,659.68,0,Thẻ Bạc (Silver)
13029,31,3,1247.5,0,Thẻ Bạc (Silver)
13030,11,2,752.44,0,Thẻ Bạc (Silver)
13032,52,2,996.52,0,Thẻ Bạc (Silver)
13033,357,1,190.55,1,Không Thẻ / Hạng Chuẩn
13034,55,2,642.77,0,Thẻ Bạc (Silver)
13035,74,2,886.63,0,Thẻ Bạc (Silver)
13037,138,3,881.07,0,Thẻ Bạc (Silver)
13038,80,3,908.46,0,Thẻ Bạc (Silver)
13040,9,2,676.99,0,Thẻ Bạc (Silver)
13043,273,1,471.57,1,Không Thẻ / Hạng Chuẩn
13044,291,1,560.47,1,Không Thẻ / Hạng Chuẩn
13045,99,1,305.28,1,Không Thẻ / Hạng Chuẩn
13046,31,2,629.31,0,Thẻ Bạc (Silver)
13047,32,10,3079.1,2,Thẻ Vàng - Kim Cương (Gold)
13048,14,4,1789.41,0,Thẻ Bạc (Silver)
13049,64,2,656.68,0,Thẻ Bạc (Silver)
13050,15,17,5684.61,2,Thẻ Vàng - Kim Cương (Gold)
13052,212,1,348.15,1,Không Thẻ / Hạng Chuẩn
13055,78,3,1201.96,0,Thẻ Bạc (Silver)
13058,25,3,271.4,0,Thẻ Bạc (Silver)
13059,250,1,183.4,1,Không Thẻ / Hạng Chuẩn
13060,254,1,307.53,1,Không Thẻ / Hạng Chuẩn
13061,72,1,248.61,1,Không Thẻ / Hạng Chuẩn
13062,191,1,346.98,1,Không Thẻ / Hạng Chuẩn
13064,13,4,1105.59,0,Thẻ Bạc (Silver)
13065,373,1,205.86,1,Không Thẻ / Hạng Chuẩn
13066,24,2,430.9,0,Thẻ Bạc (Silver)
13067,82,1,115.46,1,Không Thẻ / Hạng Chuẩn
13068,10,2,344.0,0,Thẻ Bạc (Silver)
13069,1,24,3713.14,2,Thẻ Vàng - Kim Cương (Gold)
13070,192,1,228.8,1,Không Thẻ / Hạng Chuẩn
13072,267,1,177.15,1,Không Thẻ / Hạng Chuẩn
13075,130,1,919.61,1,Không Thẻ / Hạng Chuẩn
13077,1,4,728.02,2,Thẻ Vàng - Kim Cương (Gold)
13078,3,26,12432.28,2,Thẻ Vàng - Kim Cương (Gold)
13079,4,5,220.1,0,Thẻ Bạc (Silver)
13080,179,1,58.08,1,Không Thẻ / Hạng Chuẩn
13081,12,11,27964.48,2,Thẻ Vàng - Kim Cương (Gold)
13082,126,9,3595.48,0,Thẻ Bạc (Silver)
13083,4,2,303.75,0,Thẻ Bạc (Silver)
13085,158,2,272.38,1,Không Thẻ / Hạng Chuẩn
13089,3,97,57322.13,2,Thẻ Vàng - Kim Cương (Gold)
13090,9,14,8689.39,2,Thẻ Vàng - Kim Cương (Gold)
13091,28,1,319.82,1,Không Thẻ / Hạng Chuẩn
13092,71,5,459.83,0,Thẻ Bạc (Silver)
13093,276,8,7741.47,0,Thẻ Bạc (Silver)
13094,21,12,1708.86,2,Thẻ Vàng - Kim Cương (Gold)
13095,71,1,74.4,1,Không Thẻ / Hạng Chuẩn
13097,33,10,5886.12,2,Thẻ Vàng - Kim Cương (Gold)
13098,1,28,28658.88,2,Thẻ Vàng - Kim Cương (Gold)
13099,99,1,207.36,1,Không Thẻ / Hạng Chuẩn
13101,234,1,101.19,1,Không Thẻ / Hạng Chuẩn
13102,1,24,6336.29,2,Thẻ Vàng - Kim Cương (Gold)
13103,40,1,243.94,1,Không Thẻ / Hạng Chuẩn
13104,3,6,1098.48,2,Thẻ Vàng - Kim Cương (Gold)
13106,133,1,59.5,1,Không Thẻ / Hạng Chuẩn
13107,44,4,1524.07,0,Thẻ Bạc (Silver)
13108,373,1,350.06,1,Không Thẻ / Hạng Chuẩn
13109,60,2,766.84,0,Thẻ Bạc (Silver)
13110,31,7,1452.87,0,Thẻ Bạc (Silver)
13113,1,24,10510.0,2,Thẻ Vàng - Kim Cương (Gold)
13115,12,4,2205.63,0,Thẻ Bạc (Silver)
13116,138,1,485.19,1,Không Thẻ / Hạng Chuẩn
13117,22,8,984.91,0,Thẻ Bạc (Silver)
13118,20,5,1125.0,0,Thẻ Bạc (Silver)
13120,239,1,30.6,1,Không Thẻ / Hạng Chuẩn
13121,269,1,254.73,1,Không Thẻ / Hạng Chuẩn
13122,94,2,922.39,0,Thẻ Bạc (Silver)
13124,90,3,3756.33,0,Thẻ Bạc (Silver)
13126,5,8,2056.29,2,Thẻ Vàng - Kim Cương (Gold)
13127,78,1,259.17,1,Không Thẻ / Hạng Chuẩn
13130,94,1,64.0,1,Không Thẻ / Hạng Chuẩn
13131,23,3,1039.3,0,Thẻ Bạc (Silver)
13132,262,1,77.3,1,Không Thẻ / Hạng Chuẩn
13133,274,2,109.8,1,Không Thẻ / Hạng Chuẩn
13134,86,4,1740.63,0,Thẻ Bạc (Silver)
13135,197,1,3096.0,0,Thẻ Bạc (Silver)
13136,56,5,2545.38,0,Thẻ Bạc (Silver)
13137,11,8,3557.96,2,Thẻ Vàng - Kim Cương (Gold)
13138,22,6,962.39,0,Thẻ Bạc (Silver)
13139,16,7,5055.79,2,Thẻ Vàng - Kim Cương (Gold)
13140,108,3,422.47,0,Thẻ Bạc (Silver)
13141,85,5,2385.8,0,Thẻ Bạc (Silver)
13142,19,1,307.09,1,Không Thẻ / Hạng Chuẩn
13144,333,1,110.95,1,Không Thẻ / Hạng Chuẩn
13145,40,4,614.77,0,Thẻ Bạc (Silver)
13146,26,1,228.91,1,Không Thẻ / Hạng Chuẩn
13147,10,4,712.8,0,Thẻ Bạc (Silver)
13148,29,12,3324.62,2,Thẻ Vàng - Kim Cương (Gold)
13149,14,4,1676.06,0,Thẻ Bạc (Silver)
13151,296,1,1250.37,1,Không Thẻ / Hạng Chuẩn
13153,6,1,486.22,0,Thẻ Bạc (Silver)
13155,33,4,971.76,0,Thẻ Bạc (Silver)
13157,49,4,1721.57,0,Thẻ Bạc (Silver)
13158,95,4,1201.06,0,Thẻ Bạc (Silver)
13159,9,4,1371.25,0,Thẻ Bạc (Silver)
13160,22,1,91.8,1,Không Thẻ / Hạng Chuẩn
13161,313,1,112.75,1,Không Thẻ / Hạng Chuẩn
13162,122,4,1644.99,0,Thẻ Bạc (Silver)
13165,46,2,1021.48,0,Thẻ Bạc (Silver)
13166,283,1,414.7,1,Không Thẻ / Hạng Chuẩn
13167,19,4,791.33,0,Thẻ Bạc (Silver)
13168,36,4,1290.54,0,Thẻ Bạc (Silver)
13169,64,2,712.88,0,Thẻ Bạc (Silver)
13170,27,1,108.81,1,Không Thẻ / Hạng Chuẩn
13171,22,3,426.81,0,Thẻ Bạc (Silver)
13173,4,2,353.65,0,Thẻ Bạc (Silver)
13174,16,3,2742.82,0,Thẻ Bạc (Silver)
13176,46,1,481.49,1,Không Thẻ / Hạng Chuẩn
13177,65,1,282.45,1,Không Thẻ / Hạng Chuẩn
13178,26,11,5725.47,2,Thẻ Vàng - Kim Cương (Gold)
13182,45,1,121.18,1,Không Thẻ / Hạng Chuẩn
13183,8,9,3957.78,2,Thẻ Vàng - Kim Cương (Gold)
13184,15,10,1616.45,2,Thẻ Vàng - Kim Cương (Gold)
13185,268,1,71.4,1,Không Thẻ / Hạng Chuẩn
13186,40,3,1539.69,0,Thẻ Bạc (Silver)
13187,337,1,236.02,1,Không Thẻ / Hạng Chuẩn
13188,11,1,114.6,1,Không Thẻ / Hạng Chuẩn
13189,19,2,260.68,0,Thẻ Bạc (Silver)
13192,95,2,911.94,0,Thẻ Bạc (Silver)
13193,61,1,112.08,1,Không Thẻ / Hạng Chuẩn
13194,136,1,60.7,1,Không Thẻ / Hạng Chuẩn
13196,11,4,1797.78,0,Thẻ Bạc (Silver)
13198,10,6,3384.09,2,Thẻ Vàng - Kim Cương (Gold)
13199,4,38,9803.96,2,Thẻ Vàng - Kim Cương (Gold)
13200,19,4,870.09,0,Thẻ Bạc (Silver)
13203,10,4,869.46,0,Thẻ Bạc (Silver)
13207,15,2,250.26,0,Thẻ Bạc (Silver)
13208,59,6,1199.65,0,Thẻ Bạc (Silver)
13209,30,8,5820.16,2,Thẻ Vàng - Kim Cương (Gold)
13210,94,1,353.48,1,Không Thẻ / Hạng Chuẩn
13211,10,3,1095.42,0,Thẻ Bạc (Silver)
13212,20,3,779.33,0,Thẻ Bạc (Silver)
13213,57,5,1518.43,0,Thẻ Bạc (Silver)
13216,268,1,333.74,1,Không Thẻ / Hạng Chuẩn
13217,122,3,133.62,1,Không Thẻ / Hạng Chuẩn
13218,127,1,62.64,1,Không Thẻ / Hạng Chuẩn
13220,78,4,819.29,0,Thẻ Bạc (Silver)
13221,240,2,847.41,1,Không Thẻ / Hạng Chuẩn
13223,200,2,163.2,1,Không Thẻ / Hạng Chuẩn
13224,60,2,2150.85,0,Thẻ Bạc (Silver)
13225,3,7,6083.04,2,Thẻ Vàng - Kim Cương (Gold)
13226,273,1,108.21,1,Không Thẻ / Hạng Chuẩn
13227,202,1,257.7,1,Không Thẻ / Hạng Chuẩn
13228,81,1,358.0,1,Không Thẻ / Hạng Chuẩn
13229,226,1,160.95,1,Không Thẻ / Hạng Chuẩn
13230,4,14,2712.07,2,Thẻ Vàng - Kim Cương (Gold)
13232,13,7,1328.35,2,Thẻ Vàng - Kim Cương (Gold)
13233,74,2,605.12,0,Thẻ Bạc (Silver)
13235,212,1,101.17,1,Không Thẻ / Hạng Chuẩn
13236,25,2,727.27,0,Thẻ Bạc (Silver)
13238,17,4,680.83,0,Thẻ Bạc (Silver)
13239,262,1,329.56,1,Không Thẻ / Hạng Chuẩn
13240,96,4,663.65,0,Thẻ Bạc (Silver)
13242,112,3,270.4,1,Không Thẻ / Hạng Chuẩn
13243,203,1,585.12,1,Không Thẻ / Hạng Chuẩn
13244,93,1,121.74,1,Không Thẻ / Hạng Chuẩn
13245,51,1,430.5,1,Không Thẻ / Hạng Chuẩn
13246,18,6,1896.32,0,Thẻ Bạc (Silver)
13247,18,4,501.12,0,Thẻ Bạc (Silver)
13248,125,2,465.68,1,Không Thẻ / Hạng Chuẩn
13249,92,3,711.41,0,Thẻ Bạc (Silver)
13253,157,2,1030.4,0,Thẻ Bạc (Silver)
13255,9,2,390.66,0,Thẻ Bạc (Silver)
13258,12,3,672.83,0,Thẻ Bạc (Silver)
13259,62,1,283.18,1,Không Thẻ / Hạng Chuẩn
13260,61,1,557.62,1,Không Thẻ / Hạng Chuẩn
13261,269,2,944.1,1,Không Thẻ / Hạng Chuẩn
13262,263,1,200.29,1,Không Thẻ / Hạng Chuẩn
13263,1,35,7436.93,2,Thẻ Vàng - Kim Cương (Gold)
13265,53,5,2092.66,0,Thẻ Bạc (Silver)
13266,11,12,3717.67,2,Thẻ Vàng - Kim Cương (Gold)
13267,3,19,4404.44,2,Thẻ Vàng - Kim Cương (Gold)
13268,18,11,3127.7,2,Thẻ Vàng - Kim Cương (Gold)
13269,1,15,5312.97,2,Thẻ Vàng - Kim Cương (Gold)
13270,366,1,590.0,1,Không Thẻ / Hạng Chuẩn
13271,37,1,172.37,1,Không Thẻ / Hạng Chuẩn
13272,31,2,276.56,1,Không Thẻ / Hạng Chuẩn
13273,113,1,138.98,1,Không Thẻ / Hạng Chuẩn
13276,64,2,590.93,0,Thẻ Bạc (Silver)
13277,16,4,258.4,0,Thẻ Bạc (Silver)
13278,41,1,542.73,1,Không Thẻ / Hạng Chuẩn
13279,78,1,126.3,1,Không Thẻ / Hạng Chuẩn
13280,122,3,798.46,0,Thẻ Bạc (Silver)
13282,18,3,1047.84,0,Thẻ Bạc (Silver)
13283,60,2,93.66,1,Không Thẻ / Hạng Chuẩn
13284,331,1,196.15,1,Không Thẻ / Hạng Chuẩn
13285,23,4,2709.12,0,Thẻ Bạc (Silver)
13291,156,1,361.11,1,Không Thẻ / Hạng Chuẩn
13292,39,2,578.94,0,Thẻ Bạc (Silver)
13294,190,2,873.74,1,Không Thẻ / Hạng Chuẩn
13295,360,1,197.95,1,Không Thẻ / Hạng Chuẩn
13296,137,1,87.4,1,Không Thẻ / Hạng Chuẩn
13297,8,4,2089.85,2,Thẻ Vàng - Kim Cương (Gold)
13298,1,1,360.0,0,Thẻ Bạc (Silver)
13299,268,1,142.5,1,Không Thẻ / Hạng Chuẩn
13300,169,1,365.29,1,Không Thẻ / Hạng Chuẩn
13301,104,4,618.09,0,Thẻ Bạc (Silver)
13302,155,1,63.75,1,Không Thẻ / Hạng Chuẩn
13304,351,1,300.42,1,Không Thẻ / Hạng Chuẩn
13305,4,10,2000.86,2,Thẻ Vàng - Kim Cương (Gold)
13307,120,1,15.0,1,Không Thẻ / Hạng Chuẩn
13308,23,3,1367.61,0,Thẻ Bạc (Silver)
13309,7,5,1456.79,2,Thẻ Vàng - Kim Cương (Gold)
13310,28,3,1083.63,0,Thẻ Bạc (Silver)
13311,4,2,598.57,0,Thẻ Bạc (Silver)
13313,22,5,1555.32,0,Thẻ Bạc (Silver)
13314,2,3,593.51,0,Thẻ Bạc (Silver)
13316,37,4,5570.69,0,Thẻ Bạc (Silver)
13317,66,6,2140.07,0,Thẻ Bạc (Silver)
13318,1,3,640.76,2,Thẻ Vàng - Kim Cương (Gold)
13319,5,26,10664.34,2,Thẻ Vàng - Kim Cương (Gold)
13320,78,4,1475.2,0,Thẻ Bạc (Silver)
13321,72,2,567.36,0,Thẻ Bạc (Silver)
13322,17,1,199.48,1,Không Thẻ / Hạng Chuẩn
13323,3,5,787.85,2,Thẻ Vàng - Kim Cương (Gold)
13324,36,10,7072.8,2,Thẻ Vàng - Kim Cương (Gold)
13325,82,1,675.3,1,Không Thẻ / Hạng Chuẩn
13327,39,8,3617.57,2,Thẻ Vàng - Kim Cương (Gold)
13328,316,1,1308.48,1,Không Thẻ / Hạng Chuẩn
13329,32,2,740.4,0,Thẻ Bạc (Silver)
13330,93,3,1140.93,0,Thẻ Bạc (Silver)
13332,14,1,350.9,1,Không Thẻ / Hạng Chuẩn
13334,82,3,3502.32,0,Thẻ Bạc (Silver)
13336,77,1,795.12,1,Không Thẻ / Hạng Chuẩn
13338,158,1,431.82,1,Không Thẻ / Hạng Chuẩn
13339,201,1,860.12,1,Không Thẻ / Hạng Chuẩn
13340,45,7,10736.48,2,Thẻ Vàng - Kim Cương (Gold)
13341,261,1,775.85,1,Không Thẻ / Hạng Chuẩn
13343,178,1,303.93,1,Không Thẻ / Hạng Chuẩn
13344,68,3,2511.69,0,Thẻ Bạc (Silver)
13345,288,1,377.6,1,Không Thẻ / Hạng Chuẩn
13347,70,1,341.36,1,Không Thẻ / Hạng Chuẩn
13348,64,1,233.76,1,Không Thẻ / Hạng Chuẩn
13349,11,1,247.32,1,Không Thẻ / Hạng Chuẩn
13350,16,2,910.72,0,Thẻ Bạc (Silver)
13351,66,1,373.94,1,Không Thẻ / Hạng Chuẩn
13352,60,1,389.28,1,Không Thẻ / Hạng Chuẩn
13354,71,1,743.53,1,Không Thẻ / Hạng Chuẩn
13355,122,1,674.7,1,Không Thẻ / Hạng Chuẩn
13356,80,1,768.24,1,Không Thẻ / Hạng Chuẩn
13357,257,1,609.4,1,Không Thẻ / Hạng Chuẩn
13358,269,1,439.03,1,Không Thẻ / Hạng Chuẩn
13359,64,1,431.26,1,Không Thẻ / Hạng Chuẩn
13362,9,4,3085.49,2,Thẻ Vàng - Kim Cương (Gold)
13363,18,2,992.5,0,Thẻ Bạc (Silver)
13365,34,2,2191.22,0,Thẻ Bạc (Silver)
13366,50,1,56.16,1,Không Thẻ / Hạng Chuẩn
13368,257,2,623.4,1,Không Thẻ / Hạng Chuẩn
13369,366,1,263.75,1,Không Thẻ / Hạng Chuẩn
13370,372,1,721.32,1,Không Thẻ / Hạng Chuẩn
13372,90,1,378.64,1,Không Thẻ / Hạng Chuẩn
13373,61,3,3312.25,0,Thẻ Bạc (Silver)
13375,89,1,772.9,1,Không Thẻ / Hạng Chuẩn
13376,99,3,1019.76,0,Thẻ Bạc (Silver)
13379,26,3,572.56,0,Thẻ Bạc (Silver)
13381,32,6,3626.81,2,Thẻ Vàng - Kim Cương (Gold)
13382,281,1,222.99,1,Không Thẻ / Hạng Chuẩn
13384,31,7,4122.28,2,Thẻ Vàng - Kim Cương (Gold)
13385,330,1,534.57,1,Không Thẻ / Hạng Chuẩn
13388,131,2,627.15,1,Không Thẻ / Hạng Chuẩn
13389,11,3,797.96,0,Thẻ Bạc (Silver)
13390,75,1,544.08,1,Không Thẻ / Hạng Chuẩn
13391,204,1,59.8,1,Không Thẻ / Hạng Chuẩn
13394,2,8,2312.8,2,Thẻ Vàng - Kim Cương (Gold)
13395,185,1,307.72,1,Không Thẻ / Hạng Chuẩn
13396,29,2,1325.29,0,Thẻ Bạc (Silver)
13397,73,5,1539.18,0,Thẻ Bạc (Silver)
13398,192,1,457.34,1,Không Thẻ / Hạng Chuẩn
13402,127,2,621.23,1,Không Thẻ / Hạng Chuẩn
13403,18,1,75.0,1,Không Thẻ / Hạng Chuẩn
13404,1,2,252.49,0,Thẻ Bạc (Silver)
13405,74,3,572.45,0,Thẻ Bạc (Silver)
13408,2,62,27487.41,2,Thẻ Vàng - Kim Cương (Gold)
13410,24,5,988.91,0,Thẻ Bạc (Silver)
13411,107,1,213.55,1,Không Thẻ / Hạng Chuẩn
13414,134,3,1390.5,0,Thẻ Bạc (Silver)
13416,44,2,712.5,0,Thẻ Bạc (Silver)
13417,5,2,640.83,0,Thẻ Bạc (Silver)
13418,12,18,5845.44,2,Thẻ Vàng - Kim Cương (Gold)
13419,64,1,221.06,1,Không Thẻ / Hạng Chuẩn
13420,150,2,140.35,1,Không Thẻ / Hạng Chuẩn
13421,40,2,1831.61,0,Thẻ Bạc (Silver)
13422,64,1,2601.55,0,Thẻ Bạc (Silver)
13425,108,3,1624.21,0,Thẻ Bạc (Silver)
13426,1,10,3550.7,2,Thẻ Vàng - Kim Cương (Gold)
13427,19,3,582.6,0,Thẻ Bạc (Silver)
13428,10,1,201.78,1,Không Thẻ / Hạng Chuẩn
13429,11,4,1006.8,0,Thẻ Bạc (Silver)
13430,19,2,648.69,0,Thẻ Bạc (Silver)
13431,67,2,1269.1,0,Thẻ Bạc (Silver)
13434,74,2,534.24,1,Không Thẻ / Hạng Chuẩn
13435,5,7,3794.49,2,Thẻ Vàng - Kim Cương (Gold)
13436,2,1,196.89,0,Thẻ Bạc (Silver)
13437,14,7,3408.06,2,Thẻ Vàng - Kim Cương (Gold)
13439,255,1,283.71,1,Không Thẻ / Hạng Chuẩn
13441,92,1,296.64,1,Không Thẻ / Hạng Chuẩn
13447,23,3,1104.23,0,Thẻ Bạc (Silver)
13448,17,6,3460.99,2,Thẻ Vàng - Kim Cương (Gold)
13449,24,1,291.88,1,Không Thẻ / Hạng Chuẩn
13450,27,6,2043.72,0,Thẻ Bạc (Silver)
13451,26,5,2838.56,0,Thẻ Bạc (Silver)
13452,259,2,590.0,1,Không Thẻ / Hạng Chuẩn
13453,166,2,356.98,1,Không Thẻ / Hạng Chuẩn
13455,25,2,1007.35,0,Thẻ Bạc (Silver)
13456,18,6,1737.82,0,Thẻ Bạc (Silver)
13458,7,14,9537.92,2,Thẻ Vàng - Kim Cương (Gold)
13460,29,2,183.44,1,Không Thẻ / Hạng Chuẩn
13461,39,3,1445.0,0,Thẻ Bạc (Silver)
13462,253,1,143.25,1,Không Thẻ / Hạng Chuẩn
13464,58,1,674.68,1,Không Thẻ / Hạng Chuẩn
13466,184,1,297.95,1,Không Thẻ / Hạng Chuẩn
13467,11,2,1071.91,0,Thẻ Bạc (Silver)
13468,2,37,5656.75,2,Thẻ Vàng - Kim Cương (Gold)
13470,99,2,165.0,1,Không Thẻ / Hạng Chuẩn
13471,1,4,2501.84,2,Thẻ Vàng - Kim Cương (Gold)
13473,61,2,417.54,1,Không Thẻ / Hạng Chuẩn
13474,236,1,226.84,1,Không Thẻ / Hạng Chuẩn
13475,191,4,1431.78,0,Thẻ Bạc (Silver)
13476,179,2,1092.77,0,Thẻ Bạc (Silver)
13477,38,6,1441.53,0,Thẻ Bạc (Silver)
13479,201,2,291.0,1,Không Thẻ / Hạng Chuẩn
13481,46,5,1776.81,0,Thẻ Bạc (Silver)
13482,232,1,184.64,1,Không Thẻ / Hạng Chuẩn
13483,66,1,140.34,1,Không Thẻ / Hạng Chuẩn
13484,241,1,313.8,1,Không Thẻ / Hạng Chuẩn
13485,233,1,454.24,1,Không Thẻ / Hạng Chuẩn
13486,78,3,1122.41,0,Thẻ Bạc (Silver)
13487,58,3,575.4,0,Thẻ Bạc (Silver)
13488,17,13,8910.61,2,Thẻ Vàng - Kim Cương (Gold)
13489,105,4,449.52,0,Thẻ Bạc (Silver)
13491,52,10,1215.82,0,Thẻ Bạc (Silver)
13492,136,3,1269.84,0,Thẻ Bạc (Silver)
13493,275,2,618.63,1,Không Thẻ / Hạng Chuẩn
13494,312,1,316.26,1,Không Thẻ / Hạng Chuẩn
13495,8,5,1990.12,2,Thẻ Vàng - Kim Cương (Gold)
13496,11,2,617.93,0,Thẻ Bạc (Silver)
13497,283,2,321.05,1,Không Thẻ / Hạng Chuẩn
13499,18,5,1146.96,0,Thẻ Bạc (Silver)
13500,23,3,1136.77,0,Thẻ Bạc (Silver)
13501,288,1,1310.47,1,Không Thẻ / Hạng Chuẩn
13502,17,3,292.0,0,Thẻ Bạc (Silver)
13503,71,1,216.85,1,Không Thẻ / Hạng Chuẩn
13504,64,1,295.93,1,Không Thẻ / Hạng Chuẩn
13505,73,4,4282.88,0,Thẻ Bạc (Silver)
13506,316,2,452.82,1,Không Thẻ / Hạng Chuẩn
13507,3,4,2479.16,2,Thẻ Vàng - Kim Cương (Gold)
13508,244,1,110.97,1,Không Thẻ / Hạng Chuẩn
13509,9,7,979.72,2,Thẻ Vàng - Kim Cương (Gold)
13510,1,4,1785.16,2,Thẻ Vàng - Kim Cương (Gold)
13512,261,1,251.21,1,Không Thẻ / Hạng Chuẩn
13513,127,1,205.1,1,Không Thẻ / Hạng Chuẩn
13514,74,1,152.2,1,Không Thẻ / Hạng Chuẩn
13515,73,4,891.12,0,Thẻ Bạc (Silver)
13516,21,3,1389.41,0,Thẻ Bạc (Silver)
13517,60,3,2109.07,0,Thẻ Bạc (Silver)
13518,86,1,627.16,1,Không Thẻ / Hạng Chuẩn
13519,78,1,110.8,1,Không Thẻ / Hạng Chuẩn
13520,59,6,3487.75,0,Thẻ Bạc (Silver)
13521,1,3,1071.73,2,Thẻ Vàng - Kim Cương (Gold)
13522,30,1,125.8,1,Không Thẻ / Hạng Chuẩn
13523,33,5,3755.38,0,Thẻ Bạc (Silver)
13524,41,5,680.18,0,Thẻ Bạc (Silver)
13525,15,2,628.78,0,Thẻ Bạc (Silver)
13527,34,7,2218.61,0,Thẻ Bạc (Silver)
13529,79,2,307.76,1,Không Thẻ / Hạng Chuẩn
13531,205,2,483.8,1,Không Thẻ / Hạng Chuẩn
13532,34,1,210.31,1,Không Thẻ / Hạng Chuẩn
13533,183,3,269.09,1,Không Thẻ / Hạng Chuẩn
13534,2,25,5613.08,2,Thẻ Vàng - Kim Cương (Gold)
13536,1,7,3444.39,2,Thẻ Vàng - Kim Cương (Gold)
13538,43,7,1280.85,0,Thẻ Bạc (Silver)
13539,86,3,605.84,0,Thẻ Bạc (Silver)
13544,40,2,276.06,1,Không Thẻ / Hạng Chuẩn
13546,12,3,621.09,0,Thẻ Bạc (Silver)
13548,96,2,678.16,0,Thẻ Bạc (Silver)
13549,26,7,916.12,0,Thẻ Bạc (Silver)
13551,319,1,91.8,1,Không Thẻ / Hạng Chuẩn
13552,66,12,3539.53,2,Thẻ Vàng - Kim Cương (Gold)
13555,74,4,4098.88,0,Thẻ Bạc (Silver)
13557,28,2,584.06,0,Thẻ Bạc (Silver)
13558,6,4,594.52,0,Thẻ Bạc (Silver)
13560,7,1,171.42,1,Không Thẻ / Hạng Chuẩn
13561,216,1,141.86,1,Không Thẻ / Hạng Chuẩn
13562,82,3,1799.33,0,Thẻ Bạc (Silver)
13563,84,2,777.53,0,Thẻ Bạc (Silver)
13564,144,3,623.39,0,Thẻ Bạc (Silver)
13565,19,2,240.22,0,Thẻ Bạc (Silver)
13566,41,2,856.84,0,Thẻ Bạc (Silver)
13568,173,1,187.05,1,Không Thẻ / Hạng Chuẩn
13569,17,2,338.62,0,Thẻ Bạc (Silver)
13570,243,1,239.49,1,Không Thẻ / Hạng Chuẩn
13571,13,12,2088.94,2,Thẻ Vàng - Kim Cương (Gold)
13572,206,1,1384.25,1,Không Thẻ / Hạng Chuẩn
13573,50,2,290.25,1,Không Thẻ / Hạng Chuẩn
13575,23,5,732.07,0,Thẻ Bạc (Silver)
13576,10,18,6703.3,2,Thẻ Vàng - Kim Cương (Gold)
13577,25,4,1658.3,0,Thẻ Bạc (Silver)
13579,15,2,467.04,0,Thẻ Bạc (Silver)
13581,309,1,118.0,1,Không Thẻ / Hạng Chuẩn
13583,156,1,781.03,1,Không Thẻ / Hạng Chuẩn
13584,307,1,142.4,1,Không Thẻ / Hạng Chuẩn
13587,64,1,347.0,1,Không Thẻ / Hạng Chuẩn
13588,16,9,2445.12,2,Thẻ Vàng - Kim Cương (Gold)
13589,15,2,379.65,0,Thẻ Bạc (Silver)
13590,11,6,1976.12,2,Thẻ Vàng - Kim Cương (Gold)
13591,65,3,1117.13,0,Thẻ Bạc (Silver)
13592,36,4,247.96,0,Thẻ Bạc (Silver)
13593,108,5,1965.08,0,Thẻ Bạc (Silver)
13594,53,1,396.97,1,Không Thẻ / Hạng Chuẩn
13596,6,2,664.11,0,Thẻ Bạc (Silver)
13598,47,1,147.29,1,Không Thẻ / Hạng Chuẩn
13599,1,21,5026.85,2,Thẻ Vàng - Kim Cương (Gold)
13600,312,1,219.52,1,Không Thẻ / Hạng Chuẩn
13601,45,2,693.32,0,Thẻ Bạc (Silver)
13602,65,1,428.89,1,Không Thẻ / Hạng Chuẩn
13603,26,1,164.34,1,Không Thẻ / Hạng Chuẩn
13606,29,3,276.75,0,Thẻ Bạc (Silver)
13607,40,1,675.51,1,Không Thẻ / Hạng Chuẩn
13610,12,7,1065.88,0,Thẻ Bạc (Silver)
13611,89,3,1140.8,0,Thẻ Bạc (Silver)
13614,24,4,1585.46,0,Thẻ Bạc (Silver)
13615,319,1,399.99,1,Không Thẻ / Hạng Chuẩn
13617,40,3,544.18,0,Thẻ Bạc (Silver)
13618,174,1,177.34,1,Không Thẻ / Hạng Chuẩn
13621,117,1,213.85,1,Không Thẻ / Hạng Chuẩn
13623,31,5,652.4,0,Thẻ Bạc (Silver)
13626,253,1,257.23,1,Không Thẻ / Hạng Chuẩn
13627,59,5,1624.02,0,Thẻ Bạc (Silver)
13629,23,11,7792.36,2,Thẻ Vàng - Kim Cương (Gold)
13630,5,7,1995.68,2,Thẻ Vàng - Kim Cương (Gold)
13631,100,11,3021.77,0,Thẻ Bạc (Silver)
13632,25,5,2114.68,0,Thẻ Bạc (Silver)
13634,33,5,1547.36,0,Thẻ Bạc (Silver)
13635,68,1,1071.03,1,Không Thẻ / Hạng Chuẩn
13636,37,5,941.62,0,Thẻ Bạc (Silver)
13637,52,3,804.3,0,Thẻ Bạc (Silver)
13638,16,1,122.64,1,Không Thẻ / Hạng Chuẩn
13639,74,1,1033.34,1,Không Thẻ / Hạng Chuẩn
13642,216,1,312.28,1,Không Thẻ / Hạng Chuẩn
13643,31,3,519.44,0,Thẻ Bạc (Silver)
13644,16,4,2597.52,0,Thẻ Bạc (Silver)
13645,120,1,252.1,1,Không Thẻ / Hạng Chuẩn
13647,10,4,1640.22,0,Thẻ Bạc (Silver)
13649,257,2,346.6,1,Không Thẻ / Hạng Chuẩn
13650,17,6,1809.34,0,Thẻ Bạc (Silver)
13651,35,2,94.2,1,Không Thẻ / Hạng Chuẩn
13652,46,3,1095.08,0,Thẻ Bạc (Silver)
13654,43,6,2707.33,0,Thẻ Bạc (Silver)
13655,114,2,932.97,0,Thẻ Bạc (Silver)
13656,165,2,379.65,1,Không Thẻ / Hạng Chuẩn
13657,11,2,382.14,0,Thẻ Bạc (Silver)
13658,10,5,2421.47,2,Thẻ Vàng - Kim Cương (Gold)
13659,206,2,1540.65,0,Thẻ Bạc (Silver)
13662,86,3,862.58,0,Thẻ Bạc (Silver)
13663,179,1,189.47,1,Không Thẻ / Hạng Chuẩn
13666,60,3,84.65,1,Không Thẻ / Hạng Chuẩn
13667,149,1,299.05,1,Không Thẻ / Hạng Chuẩn
13668,3,21,6162.31,2,Thẻ Vàng - Kim Cương (Gold)
13669,51,2,218.55,1,Không Thẻ / Hạng Chuẩn
13670,75,1,349.7,1,Không Thẻ / Hạng Chuẩn
13673,19,2,387.44,0,Thẻ Bạc (Silver)
13675,151,2,486.82,1,Không Thẻ / Hạng Chuẩn
13678,152,1,232.6,1,Không Thẻ / Hạng Chuẩn
13680,1,4,2199.01,2,Thẻ Vàng - Kim Cương (Gold)
13681,18,4,827.83,0,Thẻ Bạc (Silver)
13682,187,1,59.5,1,Không Thẻ / Hạng Chuẩn
13684,286,1,62.13,1,Không Thẻ / Hạng Chuẩn
13685,3,7,3119.44,2,Thẻ Vàng - Kim Cương (Gold)
13686,183,1,72.0,1,Không Thẻ / Hạng Chuẩn
13689,63,1,910.0,1,Không Thẻ / Hạng Chuẩn
13690,59,1,172.25,1,Không Thẻ / Hạng Chuẩn
13692,25,3,1466.87,0,Thẻ Bạc (Silver)
13694,4,50,62690.54,2,Thẻ Vàng - Kim Cương (Gold)
13695,31,15,2504.13,2,Thẻ Vàng - Kim Cương (Gold)
13697,39,1,151.3,1,Không Thẻ / Hạng Chuẩn
13699,155,1,308.58,1,Không Thẻ / Hạng Chuẩn
13700,26,10,2248.63,2,Thẻ Vàng - Kim Cương (Gold)
13703,318,1,99.5,1,Không Thẻ / Hạng Chuẩn
13704,5,9,2295.31,2,Thẻ Vàng - Kim Cương (Gold)
13705,8,3,711.86,0,Thẻ Bạc (Silver)
13706,303,1,330.79,1,Không Thẻ / Hạng Chuẩn
13707,267,2,806.41,1,Không Thẻ / Hạng Chuẩn
13708,271,1,285.33,1,Không Thẻ / Hạng Chuẩn
13709,4,13,6228.71,2,Thẻ Vàng - Kim Cương (Gold)
13710,32,1,180.48,1,Không Thẻ / Hạng Chuẩn
13711,219,2,252.06,1,Không Thẻ / Hạng Chuẩn
13712,247,1,228.84,1,Không Thẻ / Hạng Chuẩn
13715,281,5,1051.99,0,Thẻ Bạc (Silver)
13716,269,1,138.28,1,Không Thẻ / Hạng Chuẩn
13717,32,6,1432.26,0,Thẻ Bạc (Silver)
13718,246,2,306.55,1,Không Thẻ / Hạng Chuẩn
13719,15,5,1041.68,0,Thẻ Bạc (Silver)
13720,117,4,799.9,0,Thẻ Bạc (Silver)
13721,36,1,524.14,1,Không Thẻ / Hạng Chuẩn
13722,132,3,2369.16,0,Thẻ Bạc (Silver)
13723,217,1,199.85,1,Không Thẻ / Hạng Chuẩn
13725,50,8,1809.81,0,Thẻ Bạc (Silver)
13726,39,2,1079.66,0,Thẻ Bạc (Silver)
13727,29,2,333.48,0,Thẻ Bạc (Silver)
13728,37,6,1016.14,0,Thẻ Bạc (Silver)
13730,136,2,752.6,1,Không Thẻ / Hạng Chuẩn
13731,219,2,610.59,1,Không Thẻ / Hạng Chuẩn
13732,28,1,491.86,1,Không Thẻ / Hạng Chuẩn
13735,25,4,2764.48,0,Thẻ Bạc (Silver)
13736,5,2,721.9,0,Thẻ Bạc (Silver)
13737,200,1,339.6,1,Không Thẻ / Hạng Chuẩn
13739,18,1,216.9,1,Không Thẻ / Hạng Chuẩn
13740,241,1,350.75,1,Không Thẻ / Hạng Chuẩn
13741,72,3,666.33,0,Thẻ Bạc (Silver)
13742,17,12,3079.27,2,Thẻ Vàng - Kim Cương (Gold)
13743,3,7,1340.15,2,Thẻ Vàng - Kim Cương (Gold)
13744,95,2,1080.52,0,Thẻ Bạc (Silver)
13745,162,1,291.54,1,Không Thẻ / Hạng Chuẩn
13747,374,1,79.6,1,Không Thẻ / Hạng Chuẩn
13748,96,5,948.25,0,Thẻ Bạc (Silver)
13750,54,5,1647.26,0,Thẻ Bạc (Silver)
13751,288,1,296.25,1,Không Thẻ / Hạng Chuẩn
13752,124,6,1175.38,0,Thẻ Bạc (Silver)
13753,288,1,741.26,1,Không Thẻ / Hạng Chuẩn
13754,152,2,282.6,1,Không Thẻ / Hạng Chuẩn
13755,4,9,2101.39,2,Thẻ Vàng - Kim Cương (Gold)
13756,2,14,5145.12,2,Thẻ Vàng - Kim Cương (Gold)
13758,12,7,3190.55,2,Thẻ Vàng - Kim Cương (Gold)
13759,33,2,659.41,0,Thẻ Bạc (Silver)
13760,54,2,286.79,1,Không Thẻ / Hạng Chuẩn
13761,50,2,1070.65,0,Thẻ Bạc (Silver)
13763,63,1,1689.46,0,Thẻ Bạc (Silver)
13764,71,3,1519.42,0,Thẻ Bạc (Silver)
13767,2,37,16945.71,2,Thẻ Vàng - Kim Cương (Gold)
13769,2,10,2771.87,2,Thẻ Vàng - Kim Cương (Gold)
13771,64,4,2631.7,0,Thẻ Bạc (Silver)
13772,34,3,1122.63,0,Thẻ Bạc (Silver)
13774,82,1,345.0,1,Không Thẻ / Hạng Chuẩn
13777,1,33,25748.35,2,Thẻ Vàng - Kim Cương (Gold)
13778,103,1,178.7,1,Không Thẻ / Hạng Chuẩn
13780,7,2,360.01,0,Thẻ Bạc (Silver)
13781,251,1,127.84,1,Không Thẻ / Hạng Chuẩn
13782,13,6,908.86,0,Thẻ Bạc (Silver)
13784,10,11,2462.79,2,Thẻ Vàng - Kim Cương (Gold)
13786,367,1,230.4,1,Không Thẻ / Hạng Chuẩn
13787,76,2,309.04,1,Không Thẻ / Hạng Chuẩn
13790,4,1,348.8,0,Thẻ Bạc (Silver)
13791,128,2,1047.68,0,Thẻ Bạc (Silver)
13792,66,2,195.55,1,Không Thẻ / Hạng Chuẩn
13798,1,57,36352.87,2,Thẻ Vàng - Kim Cương (Gold)
13799,117,2,688.86,1,Không Thẻ / Hạng Chuẩn
13800,310,1,558.32,1,Không Thẻ / Hạng Chuẩn
13801,67,1,324.8,1,Không Thẻ / Hạng Chuẩn
13802,139,3,3906.27,0,Thẻ Bạc (Silver)
13803,255,1,277.07,1,Không Thẻ / Hạng Chuẩn
13804,31,7,2588.39,2,Thẻ Vàng - Kim Cương (Gold)
13805,52,2,924.6,0,Thẻ Bạc (Silver)
13806,64,1,256.38,1,Không Thẻ / Hạng Chuẩn
13807,367,1,112.6,1,Không Thẻ / Hạng Chuẩn
13808,6,5,1747.66,2,Thẻ Vàng - Kim Cương (Gold)
13809,305,1,155.05,1,Không Thẻ / Hạng Chuẩn
13810,29,3,899.51,0,Thẻ Bạc (Silver)
13811,184,3,591.75,0,Thẻ Bạc (Silver)
13812,42,3,539.0,0,Thẻ Bạc (Silver)
13813,40,4,1353.41,0,Thẻ Bạc (Silver)
13814,92,2,1562.12,0,Thẻ Bạc (Silver)
13815,22,4,4014.91,0,Thẻ Bạc (Silver)
13816,24,2,555.04,0,Thẻ Bạc (Silver)
13817,29,2,382.98,0,Thẻ Bạc (Silver)
13819,302,3,1140.35,0,Thẻ Bạc (Silver)
13821,145,2,385.64,1,Không Thẻ / Hạng Chuẩn
13822,6,2,632.0,0,Thẻ Bạc (Silver)
13823,19,2,957.66,0,Thẻ Bạc (Silver)
13824,33,5,1698.94,0,Thẻ Bạc (Silver)
13826,176,1,174.65,1,Không Thẻ / Hạng Chuẩn
13827,58,3,409.8,0,Thẻ Bạc (Silver)
13828,22,1,209.49,1,Không Thẻ / Hạng Chuẩn
13831,16,6,2198.45,2,Thẻ Vàng - Kim Cương (Gold)
13832,19,1,40.95,1,Không Thẻ / Hạng Chuẩn
13833,159,1,383.85,1,Không Thẻ / Hạng Chuẩn
13835,25,4,834.57,0,Thẻ Bạc (Silver)
13837,212,2,266.59,1,Không Thẻ / Hạng Chuẩn
13838,6,4,674.82,0,Thẻ Bạc (Silver)
13841,253,1,85.0,1,Không Thẻ / Hạng Chuẩn
13842,59,9,3385.62,2,Thẻ Vàng - Kim Cương (Gold)
13844,11,1,361.62,1,Không Thẻ / Hạng Chuẩn
13845,65,1,312.98,1,Không Thẻ / Hạng Chuẩn
13846,25,3,847.61,0,Thẻ Bạc (Silver)
13848,92,3,1255.0,0,Thẻ Bạc (Silver)
13849,52,2,1537.95,0,Thẻ Bạc (Silver)
13850,129,1,1586.81,1,Không Thẻ / Hạng Chuẩn
13851,96,3,2651.46,0,Thẻ Bạc (Silver)
13853,57,1,1056.94,1,Không Thẻ / Hạng Chuẩn
13854,9,25,8025.02,2,Thẻ Vàng - Kim Cương (Gold)
13856,169,3,363.4,1,Không Thẻ / Hạng Chuẩn
13858,57,1,216.17,1,Không Thẻ / Hạng Chuẩn
13859,326,1,201.16,1,Không Thẻ / Hạng Chuẩn
13860,1,5,1240.0,2,Thẻ Vàng - Kim Cương (Gold)
13862,18,8,2187.31,2,Thẻ Vàng - Kim Cương (Gold)
13863,248,1,299.56,1,Không Thẻ / Hạng Chuẩn
13865,58,4,501.56,0,Thẻ Bạc (Silver)
13866,74,1,145.67,1,Không Thẻ / Hạng Chuẩn
13867,31,3,1005.09,0,Thẻ Bạc (Silver)
13868,7,2,3192.54,0,Thẻ Bạc (Silver)
13869,123,4,3083.65,0,Thẻ Bạc (Silver)
13870,2,8,2751.25,2,Thẻ Vàng - Kim Cương (Gold)
13871,23,13,6389.8,2,Thẻ Vàng - Kim Cương (Gold)
13873,120,3,381.7,1,Không Thẻ / Hạng Chuẩn
13874,358,1,540.45,1,Không Thẻ / Hạng Chuẩn
13875,54,5,1786.79,0,Thẻ Bạc (Silver)
13876,64,1,122.7,1,Không Thẻ / Hạng Chuẩn
13877,86,1,117.24,1,Không Thẻ / Hạng Chuẩn
13878,55,1,1271.57,0,Thẻ Bạc (Silver)
13880,21,13,3219.77,2,Thẻ Vàng - Kim Cương (Gold)
13881,4,20,16989.52,2,Thẻ Vàng - Kim Cương (Gold)
13882,3,5,1131.28,2,Thẻ Vàng - Kim Cương (Gold)
13883,11,5,2538.75,2,Thẻ Vàng - Kim Cương (Gold)
13884,7,5,781.3,0,Thẻ Bạc (Silver)
13885,189,2,506.8,1,Không Thẻ / Hạng Chuẩn
13886,71,1,243.56,1,Không Thẻ / Hạng Chuẩn
13887,204,1,349.55,1,Không Thẻ / Hạng Chuẩn
13888,120,2,595.67,1,Không Thẻ / Hạng Chuẩn
13889,93,1,416.9,1,Không Thẻ / Hạng Chuẩn
13890,1,10,1860.86,2,Thẻ Vàng - Kim Cương (Gold)
13892,27,4,632.97,0,Thẻ Bạc (Silver)
13893,298,1,821.1,1,Không Thẻ / Hạng Chuẩn
13894,24,3,535.97,0,Thẻ Bạc (Silver)
13895,28,4,2588.12,0,Thẻ Bạc (Silver)
13897,50,1,311.16,1,Không Thẻ / Hạng Chuẩn
13898,326,1,155.93,1,Không Thẻ / Hạng Chuẩn
13899,16,2,388.52,0,Thẻ Bạc (Silver)
13900,183,3,740.95,0,Thẻ Bạc (Silver)
13901,72,5,2867.2,0,Thẻ Bạc (Silver)
13904,37,2,332.64,1,Không Thẻ / Hạng Chuẩn
13908,80,4,2347.05,0,Thẻ Bạc (Silver)
13911,57,9,2580.91,0,Thẻ Bạc (Silver)
13914,12,2,613.95,0,Thẻ Bạc (Silver)
13917,50,2,272.04,1,Không Thẻ / Hạng Chuẩn
13918,50,2,1212.84,0,Thẻ Bạc (Silver)
13919,59,2,350.16,1,Không Thẻ / Hạng Chuẩn
13922,352,1,172.25,1,Không Thẻ / Hạng Chuẩn
13923,54,1,351.13,1,Không Thẻ / Hạng Chuẩn
13924,2,6,1682.08,2,Thẻ Vàng - Kim Cương (Gold)
13925,93,4,616.65,0,Thẻ Bạc (Silver)
13926,23,1,223.85,1,Không Thẻ / Hạng Chuẩn
13927,75,1,348.99,1,Không Thẻ / Hạng Chuẩn
13928,11,4,464.57,0,Thẻ Bạc (Silver)
13929,169,2,802.85,1,Không Thẻ / Hạng Chuẩn
13930,58,2,337.34,1,Không Thẻ / Hạng Chuẩn
13931,96,2,1230.93,0,Thẻ Bạc (Silver)
13932,295,1,307.4,1,Không Thẻ / Hạng Chuẩn
13933,109,2,608.79,1,Không Thẻ / Hạng Chuẩn
13934,264,1,922.1,1,Không Thẻ / Hạng Chuẩn
13936,180,1,361.28,1,Không Thẻ / Hạng Chuẩn
13937,169,1,158.85,1,Không Thẻ / Hạng Chuẩn
13938,35,1,71.66,1,Không Thẻ / Hạng Chuẩn
13939,23,3,556.75,0,Thẻ Bạc (Silver)
13940,17,4,839.14,0,Thẻ Bạc (Silver)
13941,22,5,4912.41,2,Thẻ Vàng - Kim Cương (Gold)
13946,79,3,561.57,0,Thẻ Bạc (Silver)
13947,65,1,90.6,1,Không Thẻ / Hạng Chuẩn
13948,361,1,102.0,1,Không Thẻ / Hạng Chuẩn
13949,3,6,2427.32,2,Thẻ Vàng - Kim Cương (Gold)
13950,11,4,728.56,0,Thẻ Bạc (Silver)
13951,176,3,674.45,0,Thẻ Bạc (Silver)
13952,218,2,3246.09,0,Thẻ Bạc (Silver)
13953,7,7,3515.68,2,Thẻ Vàng - Kim Cương (Gold)
13954,2,2,378.59,0,Thẻ Bạc (Silver)
13955,154,2,322.96,1,Không Thẻ / Hạng Chuẩn
13956,5,5,1019.27,2,Thẻ Vàng - Kim Cương (Gold)
13959,79,3,594.04,0,Thẻ Bạc (Silver)
13960,21,2,230.22,0,Thẻ Bạc (Silver)
13962,22,2,169.55,1,Không Thẻ / Hạng Chuẩn
13963,308,4,664.54,0,Thẻ Bạc (Silver)
13967,146,1,80.7,1,Không Thẻ / Hạng Chuẩn
13969,7,18,8956.92,2,Thẻ Vàng - Kim Cương (Gold)
13971,19,8,2702.22,2,Thẻ Vàng - Kim Cương (Gold)
13972,71,2,190.25,1,Không Thẻ / Hạng Chuẩn
13973,287,1,264.7,1,Không Thẻ / Hạng Chuẩn
13974,49,1,413.59,1,Không Thẻ / Hạng Chuẩn
13975,31,6,2438.19,0,Thẻ Bạc (Silver)
13976,207,1,357.98,1,Không Thẻ / Hạng Chuẩn
13978,15,2,196.79,0,Thẻ Bạc (Silver)
13979,73,1,869.87,1,Không Thẻ / Hạng Chuẩn
13980,60,1,200.14,1,Không Thẻ / Hạng Chuẩn
13982,39,4,1861.11,0,Thẻ Bạc (Silver)
13983,30,12,2590.46,2,Thẻ Vàng - Kim Cương (Gold)
13984,27,5,488.03,0,Thẻ Bạc (Silver)
13985,4,15,7024.53,2,Thẻ Vàng - Kim Cương (Gold)
13986,17,1,320.46,1,Không Thẻ / Hạng Chuẩn
13988,20,6,4098.8,2,Thẻ Vàng - Kim Cương (Gold)
13989,66,2,1266.08,0,Thẻ Bạc (Silver)
13990,213,1,311.3,1,Không Thẻ / Hạng Chuẩn
13991,12,6,847.54,0,Thẻ Bạc (Silver)
13992,30,1,76.8,1,Không Thẻ / Hạng Chuẩn
13993,43,9,3409.66,2,Thẻ Vàng - Kim Cương (Gold)
13994,4,6,2274.14,2,Thẻ Vàng - Kim Cương (Gold)
13995,15,5,1383.49,0,Thẻ Bạc (Silver)
13999,10,12,3865.26,2,Thẻ Vàng - Kim Cương (Gold)
14000,211,1,633.71,1,Không Thẻ / Hạng Chuẩn
14001,46,3,2030.33,0,Thẻ Bạc (Silver)
14002,134,2,529.73,1,Không Thẻ / Hạng Chuẩn
14004,43,7,4582.64,2,Thẻ Vàng - Kim Cương (Gold)
14005,10,5,2874.72,2,Thẻ Vàng - Kim Cương (Gold)
14006,116,3,962.19,0,Thẻ Bạc (Silver)
14009,198,2,685.93,1,Không Thẻ / Hạng Chuẩn
14012,278,1,328.8,1,Không Thẻ / Hạng Chuẩn
14013,110,3,473.02,0,Thẻ Bạc (Silver)
14014,77,1,505.18,1,Không Thẻ / Hạng Chuẩn
14015,53,1,917.34,1,Không Thẻ / Hạng Chuẩn
14016,162,4,4328.46,0,Thẻ Bạc (Silver)
14019,47,3,1398.96,0,Thẻ Bạc (Silver)
14020,17,2,642.8,0,Thẻ Bạc (Silver)
14021,155,3,631.9,0,Thẻ Bạc (Silver)
14022,225,1,440.0,1,Không Thẻ / Hạng Chuẩn
14023,7,2,584.07,0,Thẻ Bạc (Silver)
14024,122,2,327.7,1,Không Thẻ / Hạng Chuẩn
14027,61,1,104.82,1,Không Thẻ / Hạng Chuẩn
14029,63,2,467.66,1,Không Thẻ / Hạng Chuẩn
14030,18,8,2358.84,2,Thẻ Vàng - Kim Cương (Gold)
14031,7,19,14634.64,2,Thẻ Vàng - Kim Cương (Gold)
14032,2,11,2929.84,2,Thẻ Vàng - Kim Cương (Gold)
14034,22,3,509.09,0,Thẻ Bạc (Silver)
14035,29,5,1428.02,0,Thẻ Bạc (Silver)
14036,285,1,626.65,1,Không Thẻ / Hạng Chuẩn
14037,176,2,147.2,1,Không Thẻ / Hạng Chuẩn
14038,78,3,1554.48,0,Thẻ Bạc (Silver)
14039,33,1,152.2,1,Không Thẻ / Hạng Chuẩn
14040,41,12,3487.59,2,Thẻ Vàng - Kim Cương (Gold)
14041,266,1,141.41,1,Không Thẻ / Hạng Chuẩn
14044,27,4,646.42,0,Thẻ Bạc (Silver)
14045,109,4,1659.75,0,Thẻ Bạc (Silver)
14046,284,1,154.99,1,Không Thẻ / Hạng Chuẩn
14047,9,5,1290.01,0,Thẻ Bạc (Silver)
14048,305,1,375.13,1,Không Thẻ / Hạng Chuẩn
14049,17,4,5536.15,2,Thẻ Vàng - Kim Cương (Gold)
14050,32,2,746.36,0,Thẻ Bạc (Silver)
14051,1,23,15477.34,2,Thẻ Vàng - Kim Cương (Gold)
14052,20,1,225.36,1,Không Thẻ / Hạng Chuẩn
14053,124,2,260.25,1,Không Thẻ / Hạng Chuẩn
14054,65,1,92.46,1,Không Thẻ / Hạng Chuẩn
14055,106,1,725.64,1,Không Thẻ / Hạng Chuẩn
14056,1,23,8062.46,2,Thẻ Vàng - Kim Cương (Gold)
14057,24,17,6141.1,2,Thẻ Vàng - Kim Cương (Gold)
14059,267,1,183.6,1,Không Thẻ / Hạng Chuẩn
14060,5,19,6135.38,2,Thẻ Vàng - Kim Cương (Gold)
14062,10,12,10464.85,2,Thẻ Vàng - Kim Cương (Gold)
14064,29,5,1168.92,0,Thẻ Bạc (Silver)
14066,267,1,152.55,1,Không Thẻ / Hạng Chuẩn
14067,64,2,374.7,1,Không Thẻ / Hạng Chuẩn
14068,320,1,265.85,1,Không Thẻ / Hạng Chuẩn
14071,4,8,1306.16,2,Thẻ Vàng - Kim Cương (Gold)
14073,32,1,139.54,1,Không Thẻ / Hạng Chuẩn
14075,5,3,942.26,0,Thẻ Bạc (Silver)
14076,129,1,118.67,1,Không Thẻ / Hạng Chuẩn
14077,41,5,499.42,0,Thẻ Bạc (Silver)
14078,102,6,1049.37,0,Thẻ Bạc (Silver)
14079,125,1,375.1,1,Không Thẻ / Hạng Chuẩn
14080,33,1,45.6,1,Không Thẻ / Hạng Chuẩn
14081,302,2,891.77,1,Không Thẻ / Hạng Chuẩn
14082,365,1,182.25,1,Không Thẻ / Hạng Chuẩn
14083,4,9,1002.9,2,Thẻ Vàng - Kim Cương (Gold)
14085,2,18,4408.54,2,Thẻ Vàng - Kim Cương (Gold)
14087,3,1,178.72,0,Thẻ Bạc (Silver)
14088,10,13,50415.49,2,Thẻ Vàng - Kim Cương (Gold)
14089,57,1,158.75,1,Không Thẻ / Hạng Chuẩn
14090,325,1,76.32,1,Không Thẻ / Hạng Chuẩn
14092,8,14,4063.1,2,Thẻ Vàng - Kim Cương (Gold)
14093,12,1,433.86,0,Thẻ Bạc (Silver)
14096,4,17,57120.91,2,Thẻ Vàng - Kim Cương (Gold)
14098,37,1,147.35,1,Không Thẻ / Hạng Chuẩn
14099,16,11,3092.97,2,Thẻ Vàng - Kim Cương (Gold)
14100,138,1,191.95,1,Không Thẻ / Hạng Chuẩn
14101,74,6,5976.79,0,Thẻ Bạc (Silver)
14102,5,5,1060.33,2,Thẻ Vàng - Kim Cương (Gold)
14104,155,2,216.21,1,Không Thẻ / Hạng Chuẩn
14105,239,1,1260.33,1,Không Thẻ / Hạng Chuẩn
14107,52,7,2688.48,0,Thẻ Bạc (Silver)
14108,31,2,594.16,0,Thẻ Bạc (Silver)
14109,73,1,80.2,1,Không Thẻ / Hạng Chuẩn
14110,4,12,5669.65,2,Thẻ Vàng - Kim Cương (Gold)
14111,14,4,688.6,0,Thẻ Bạc (Silver)
14112,23,7,2774.17,2,Thẻ Vàng - Kim Cương (Gold)
14113,4,4,1377.92,2,Thẻ Vàng - Kim Cương (Gold)
14114,274,2,386.53,1,Không Thẻ / Hạng Chuẩn
14116,20,5,1382.74,0,Thẻ Bạc (Silver)
14117,144,1,90.0,1,Không Thẻ / Hạng Chuẩn
14121,4,4,2740.3,2,Thẻ Vàng - Kim Cương (Gold)
14124,84,1,419.58,1,Không Thẻ / Hạng Chuẩn
14125,11,3,2720.63,0,Thẻ Bạc (Silver)
14126,8,3,643.63,0,Thẻ Bạc (Silver)
14127,123,3,709.71,0,Thẻ Bạc (Silver)
14128,61,2,637.5,0,Thẻ Bạc (Silver)
14129,2,5,1123.86,2,Thẻ Vàng - Kim Cương (Gold)
14130,319,1,480.91,1,Không Thẻ / Hạng Chuẩn
14132,2,11,3580.13,2,Thẻ Vàng - Kim Cương (Gold)
14133,130,3,590.34,0,Thẻ Bạc (Silver)
14135,2,15,4690.31,2,Thẻ Vàng - Kim Cương (Gold)
14138,2,2,965.88,0,Thẻ Bạc (Silver)
14139,46,1,415.82,1,Không Thẻ / Hạng Chuẩn
14140,4,2,920.05,0,Thẻ Bạc (Silver)
14141,3,4,879.03,2,Thẻ Vàng - Kim Cương (Gold)
14142,373,1,311.81,1,Không Thẻ / Hạng Chuẩn
14143,134,1,115.8,1,Không Thẻ / Hạng Chuẩn
14145,47,4,3148.2,0,Thẻ Bạc (Silver)
14146,9,5,2949.57,2,Thẻ Vàng - Kim Cương (Gold)
14147,78,2,468.4,1,Không Thẻ / Hạng Chuẩn
14148,234,1,157.2,1,Không Thẻ / Hạng Chuẩn
14149,221,1,259.43,1,Không Thẻ / Hạng Chuẩn
14150,36,2,658.64,0,Thẻ Bạc (Silver)
14152,75,2,611.09,0,Thẻ Bạc (Silver)
14154,239,2,1345.62,0,Thẻ Bạc (Silver)
14155,266,1,118.75,1,Không Thẻ / Hạng Chuẩn
14156,10,55,113214.59,2,Thẻ Vàng - Kim Cương (Gold)
14157,20,2,392.44,0,Thẻ Bạc (Silver)
14158,40,1,507.66,1,Không Thẻ / Hạng Chuẩn
14159,20,11,4615.64,2,Thẻ Vàng - Kim Cương (Gold)
14161,216,3,1097.62,0,Thẻ Bạc (Silver)
14162,174,2,289.36,1,Không Thẻ / Hạng Chuẩn
14163,87,4,2445.91,0,Thẻ Bạc (Silver)
14164,71,2,1631.77,0,Thẻ Bạc (Silver)
14165,276,1,120.44,1,Không Thẻ / Hạng Chuẩn
14167,39,4,562.59,0,Thẻ Bạc (Silver)
14171,98,1,363.79,1,Không Thẻ / Hạng Chuẩn
14173,11,4,450.84,0,Thẻ Bạc (Silver)
14174,33,1,134.46,1,Không Thẻ / Hạng Chuẩn
14175,60,3,3108.06,0,Thẻ Bạc (Silver)
14176,297,4,574.0,0,Thẻ Bạc (Silver)
14177,86,4,544.51,0,Thẻ Bạc (Silver)
14178,9,7,1600.26,2,Thẻ Vàng - Kim Cương (Gold)
14179,41,2,701.57,0,Thẻ Bạc (Silver)
14180,11,25,4640.77,2,Thẻ Vàng - Kim Cương (Gold)
14184,67,1,452.89,1,Không Thẻ / Hạng Chuẩn
14185,331,1,197.65,1,Không Thẻ / Hạng Chuẩn
14188,31,6,2018.91,0,Thẻ Bạc (Silver)
14189,2,15,4604.31,2,Thẻ Vàng - Kim Cương (Gold)
14191,2,13,4660.01,2,Thẻ Vàng - Kim Cương (Gold)
14193,68,2,853.39,0,Thẻ Bạc (Silver)
14194,5,21,11216.75,2,Thẻ Vàng - Kim Cương (Gold)
14195,202,2,962.7,1,Không Thẻ / Hạng Chuẩn
14196,107,1,335.52,1,Không Thẻ / Hạng Chuẩn
14198,18,4,663.5,0,Thẻ Bạc (Silver)
14199,218,1,185.4,1,Không Thẻ / Hạng Chuẩn
14201,60,7,688.04,0,Thẻ Bạc (Silver)
14204,2,1,150.61,0,Thẻ Bạc (Silver)
14205,17,2,218.78,0,Thẻ Bạc (Silver)
14206,239,1,308.26,1,Không Thẻ / Hạng Chuẩn
14208,95,1,151.74,1,Không Thẻ / Hạng Chuẩn
14209,11,6,2067.13,2,Thẻ Vàng - Kim Cương (Gold)
14210,106,6,1900.89,0,Thẻ Bạc (Silver)
14211,53,9,2208.3,0,Thẻ Bạc (Silver)
14212,90,1,1070.48,1,Không Thẻ / Hạng Chuẩn
14214,31,5,1000.23,0,Thẻ Bạc (Silver)
14215,12,6,1777.92,2,Thẻ Vàng - Kim Cương (Gold)
14216,3,4,1839.3,2,Thẻ Vàng - Kim Cương (Gold)
14217,2,17,1925.36,2,Thẻ Vàng - Kim Cương (Gold)
14218,43,1,169.48,1,Không Thẻ / Hạng Chuẩn
14219,4,1,89.94,1,Không Thẻ / Hạng Chuẩn
14220,247,2,632.4,1,Không Thẻ / Hạng Chuẩn
14221,42,9,3427.85,2,Thẻ Vàng - Kim Cương (Gold)
14222,177,1,683.17,1,Không Thẻ / Hạng Chuẩn
14223,92,3,975.23,0,Thẻ Bạc (Silver)
14224,110,4,1009.73,0,Thẻ Bạc (Silver)
14226,29,5,2184.24,0,Thẻ Bạc (Silver)
14227,26,10,3315.71,2,Thẻ Vàng - Kim Cương (Gold)
14229,52,3,1450.6,0,Thẻ Bạc (Silver)
14231,184,3,822.06,0,Thẻ Bạc (Silver)
14232,43,5,2043.93,0,Thẻ Bạc (Silver)
14233,49,4,1447.51,0,Thẻ Bạc (Silver)
14234,22,4,754.12,0,Thẻ Bạc (Silver)
14235,75,5,3093.86,0,Thẻ Bạc (Silver)
14236,81,2,490.86,1,Không Thẻ / Hạng Chuẩn
14237,373,1,161.0,1,Không Thẻ / Hạng Chuẩn
14238,326,1,146.85,1,Không Thẻ / Hạng Chuẩn
14239,43,11,2323.5,2,Thẻ Vàng - Kim Cương (Gold)
14240,30,2,890.34,0,Thẻ Bạc (Silver)
14241,184,1,213.7,1,Không Thẻ / Hạng Chuẩn
14242,235,2,280.55,1,Không Thẻ / Hạng Chuẩn
14243,9,10,2535.88,2,Thẻ Vàng - Kim Cương (Gold)
14245,220,2,1677.48,0,Thẻ Bạc (Silver)
14246,111,3,1474.06,0,Thẻ Bạc (Silver)
14247,278,1,136.77,1,Không Thẻ / Hạng Chuẩn
14248,318,1,302.58,1,Không Thẻ / Hạng Chuẩn
14250,7,3,1904.05,0,Thẻ Bạc (Silver)
14251,2,5,2879.7,2,Thẻ Vàng - Kim Cương (Gold)
14256,260,2,935.06,1,Không Thẻ / Hạng Chuẩn
14257,64,5,3087.27,0,Thẻ Bạc (Silver)
14258,9,9,12650.08,2,Thẻ Vàng - Kim Cương (Gold)
14259,142,1,120.0,1,Không Thẻ / Hạng Chuẩn
14261,51,2,1163.45,0,Thẻ Bạc (Silver)
14262,8,8,2618.23,2,Thẻ Vàng - Kim Cương (Gold)
14264,155,2,319.47,1,Không Thẻ / Hạng Chuẩn
14265,109,2,530.18,1,Không Thẻ / Hạng Chuẩn
14267,163,3,1279.09,0,Thẻ Bạc (Silver)
14270,332,1,492.65,1,Không Thẻ / Hạng Chuẩn
14271,226,1,112.32,1,Không Thẻ / Hạng Chuẩn
14272,74,2,437.96,1,Không Thẻ / Hạng Chuẩn
14273,51,4,559.97,0,Thẻ Bạc (Silver)
14276,99,3,1019.39,0,Thẻ Bạc (Silver)
14277,15,3,3928.8,0,Thẻ Bạc (Silver)
14280,197,1,134.04,1,Không Thẻ / Hạng Chuẩn
14282,3,15,3701.44,2,Thẻ Vàng - Kim Cương (Gold)
14284,31,2,578.45,0,Thẻ Bạc (Silver)
14285,21,4,1910.01,0,Thẻ Bạc (Silver)
14286,24,3,4595.81,0,Thẻ Bạc (Silver)
14287,8,3,151.23,0,Thẻ Bạc (Silver)
14288,213,1,413.85,1,Không Thẻ / Hạng Chuẩn
14289,9,6,911.26,0,Thẻ Bạc (Silver)
14290,11,5,2307.45,2,Thẻ Vàng - Kim Cương (Gold)
14291,2,11,3873.3,2,Thẻ Vàng - Kim Cương (Gold)
14292,8,9,4819.33,2,Thẻ Vàng - Kim Cương (Gold)
14293,3,4,1046.56,2,Thẻ Vàng - Kim Cương (Gold)
14295,40,1,154.7,1,Không Thẻ / Hạng Chuẩn
14297,18,4,1284.06,0,Thẻ Bạc (Silver)
14298,8,44,50862.44,2,Thẻ Vàng - Kim Cương (Gold)
14299,8,9,2855.35,2,Thẻ Vàng - Kim Cương (Gold)
14300,19,1,43.2,1,Không Thẻ / Hạng Chuẩn
14301,117,1,632.04,1,Không Thẻ / Hạng Chuẩn
14304,223,1,197.1,1,Không Thẻ / Hạng Chuẩn
14305,71,3,1803.76,0,Thẻ Bạc (Silver)
14306,51,2,2083.42,0,Thẻ Bạc (Silver)
14307,89,6,2995.72,0,Thẻ Bạc (Silver)
14309,8,9,2319.68,2,Thẻ Vàng - Kim Cương (Gold)
14311,243,1,229.71,1,Không Thẻ / Hạng Chuẩn
14312,47,6,1611.59,0,Thẻ Bạc (Silver)
14314,107,1,120.0,1,Không Thẻ / Hạng Chuẩn
14315,45,6,2456.98,0,Thẻ Bạc (Silver)
14317,65,1,508.58,1,Không Thẻ / Hạng Chuẩn
14320,207,2,343.11,1,Không Thẻ / Hạng Chuẩn
14321,11,5,1530.75,0,Thẻ Bạc (Silver)
14323,115,2,574.26,1,Không Thẻ / Hạng Chuẩn
14326,242,1,166.85,1,Không Thẻ / Hạng Chuẩn
14327,163,1,311.65,1,Không Thẻ / Hạng Chuẩn
14329,17,7,4889.14,2,Thẻ Vàng - Kim Cương (Gold)
14331,124,2,462.66,1,Không Thẻ / Hạng Chuẩn
14332,23,3,840.21,0,Thẻ Bạc (Silver)
14333,68,1,351.45,1,Không Thẻ / Hạng Chuẩn
14334,17,8,2539.46,2,Thẻ Vàng - Kim Cương (Gold)
14335,16,2,454.86,0,Thẻ Bạc (Silver)
14336,17,4,1614.91,0,Thẻ Bạc (Silver)
14338,161,2,554.22,1,Không Thẻ / Hạng Chuẩn
14339,243,1,289.91,1,Không Thẻ / Hạng Chuẩn
14340,219,1,134.7,1,Không Thẻ / Hạng Chuẩn
14341,45,8,2151.08,0,Thẻ Bạc (Silver)
14342,21,4,607.71,0,Thẻ Bạc (Silver)
14344,127,8,889.93,0,Thẻ Bạc (Silver)
14345,39,1,108.98,1,Không Thẻ / Hạng Chuẩn
14346,121,2,1021.58,0,Thẻ Bạc (Silver)
14348,260,1,409.57,1,Không Thẻ / Hạng Chuẩn
14349,10,1,133.5,1,Không Thẻ / Hạng Chuẩn
14350,274,1,258.7,1,Không Thẻ / Hạng Chuẩn
14351,165,1,51.0,1,Không Thẻ / Hạng Chuẩn
14352,157,4,1078.96,0,Thẻ Bạc (Silver)
14353,215,1,90.6,1,Không Thẻ / Hạng Chuẩn
14354,6,2,163.62,0,Thẻ Bạc (Silver)
14355,366,1,174.4,1,Không Thẻ / Hạng Chuẩn
14356,80,2,666.94,0,Thẻ Bạc (Silver)
14357,43,1,225.12,1,Không Thẻ / Hạng Chuẩn
14359,19,3,882.58,0,Thẻ Bạc (Silver)
14360,32,4,2118.03,0,Thẻ Bạc (Silver)
14362,22,1,151.5,1,Không Thẻ / Hạng Chuẩn
14364,109,8,3717.35,0,Thẻ Bạc (Silver)
14367,8,16,9134.12,2,Thẻ Vàng - Kim Cương (Gold)
14368,320,1,155.0,1,Không Thẻ / Hạng Chuẩn
14371,295,1,100.5,1,Không Thẻ / Hạng Chuẩn
14373,358,1,76.55,1,Không Thẻ / Hạng Chuẩn
14375,185,1,235.56,1,Không Thẻ / Hạng Chuẩn
14377,191,2,617.05,1,Không Thẻ / Hạng Chuẩn
14379,44,2,348.1,1,Không Thẻ / Hạng Chuẩn
14381,52,1,202.68,1,Không Thẻ / Hạng Chuẩn
14382,26,1,615.49,1,Không Thẻ / Hạng Chuẩn
14383,38,3,1247.69,0,Thẻ Bạc (Silver)
14385,9,3,202.11,0,Thẻ Bạc (Silver)
14386,297,1,142.4,1,Không Thẻ / Hạng Chuẩn
14387,33,3,1727.6,0,Thẻ Bạc (Silver)
14388,10,8,3172.04,2,Thẻ Vàng - Kim Cương (Gold)
14389,65,2,999.72,0,Thẻ Bạc (Silver)
14390,10,9,4582.22,2,Thẻ Vàng - Kim Cương (Gold)
14393,218,1,67.95,1,Không Thẻ / Hạng Chuẩn
14395,2,9,3444.11,2,Thẻ Vàng - Kim Cương (Gold)
14396,65,2,487.99,1,Không Thẻ / Hạng Chuẩn
14397,3,19,2556.68,2,Thẻ Vàng - Kim Cương (Gold)
14400,149,1,559.7,1,Không Thẻ / Hạng Chuẩn
14401,4,13,4039.98,2,Thẻ Vàng - Kim Cương (Gold)
14403,130,4,1426.31,0,Thẻ Bạc (Silver)
14404,34,6,1409.72,0,Thẻ Bạc (Silver)
14406,119,1,156.75,1,Không Thẻ / Hạng Chuẩn
14407,107,6,2111.08,0,Thẻ Bạc (Silver)
14408,11,7,2599.03,2,Thẻ Vàng - Kim Cương (Gold)
14409,71,6,1908.25,0,Thẻ Bạc (Silver)
14410,92,9,573.45,0,Thẻ Bạc (Silver)
14411,311,1,1063.0,1,Không Thẻ / Hạng Chuẩn
14412,43,2,761.33,0,Thẻ Bạc (Silver)
14413,362,1,121.05,1,Không Thẻ / Hạng Chuẩn
14414,92,7,1485.13,0,Thẻ Bạc (Silver)
14415,1,13,5766.85,2,Thẻ Vàng - Kim Cương (Gold)
14416,22,2,490.22,0,Thẻ Bạc (Silver)
14418,4,3,1937.25,2,Thẻ Vàng - Kim Cương (Gold)
14419,11,6,1051.79,0,Thẻ Bạc (Silver)
14420,99,1,385.87,1,Không Thẻ / Hạng Chuẩn
14421,57,2,813.11,0,Thẻ Bạc (Silver)
14422,1,6,4263.64,2,Thẻ Vàng - Kim Cương (Gold)
14423,218,1,265.2,1,Không Thẻ / Hạng Chuẩn
14424,18,1,322.08,1,Không Thẻ / Hạng Chuẩn
14426,24,10,3918.9,2,Thẻ Vàng - Kim Cương (Gold)
14427,50,2,363.34,1,Không Thẻ / Hạng Chuẩn
14428,7,5,1209.37,2,Thẻ Vàng - Kim Cương (Gold)
14431,303,1,423.26,1,Không Thẻ / Hạng Chuẩn
14432,10,6,2248.5,2,Thẻ Vàng - Kim Cương (Gold)
14434,22,6,1372.8,0,Thẻ Bạc (Silver)
14436,99,1,89.06,1,Không Thẻ / Hạng Chuẩn
14438,306,1,131.9,1,Không Thẻ / Hạng Chuẩn
14439,320,1,2661.24,1,Không Thẻ / Hạng Chuẩn
14440,8,5,2357.68,2,Thẻ Vàng - Kim Cương (Gold)
14441,1,4,1545.14,2,Thẻ Vàng - Kim Cương (Gold)
14442,205,2,1544.62,0,Thẻ Bạc (Silver)
14443,54,4,1400.88,0,Thẻ Bạc (Silver)
14446,1,4,1010.35,2,Thẻ Vàng - Kim Cương (Gold)
14447,19,5,1163.23,0,Thẻ Bạc (Silver)
14448,9,2,375.35,0,Thẻ Bạc (Silver)
14449,19,4,885.8,0,Thẻ Bạc (Silver)
14450,181,3,483.25,1,Không Thẻ / Hạng Chuẩn
14451,60,2,643.9,0,Thẻ Bạc (Silver)
14452,11,2,259.05,0,Thẻ Bạc (Silver)
14453,190,1,119.93,1,Không Thẻ / Hạng Chuẩn
14456,5,9,3002.51,2,Thẻ Vàng - Kim Cương (Gold)
14457,311,1,113.64,1,Không Thẻ / Hạng Chuẩn
14459,155,1,1837.92,1,Không Thẻ / Hạng Chuẩn
14460,110,3,383.34,1,Không Thẻ / Hạng Chuẩn
14461,148,3,2103.06,0,Thẻ Bạc (Silver)
14462,66,11,1942.45,0,Thẻ Bạc (Silver)
14463,98,3,529.62,0,Thẻ Bạc (Silver)
14465,247,3,1038.44,0,Thẻ Bạc (Silver)
14466,29,7,2272.4,0,Thẻ Bạc (Silver)
14467,18,4,596.26,0,Thẻ Bạc (Silver)
14470,12,2,461.19,0,Thẻ Bạc (Silver)
14472,104,8,1852.67,0,Thẻ Bạc (Silver)
14473,74,2,234.34,1,Không Thẻ / Hạng Chuẩn
14474,46,1,537.71,1,Không Thẻ / Hạng Chuẩn
14475,72,3,799.82,0,Thẻ Bạc (Silver)
14476,257,1,193.0,1,Không Thẻ / Hạng Chuẩn
14477,20,4,1307.81,0,Thẻ Bạc (Silver)
14479,254,2,316.25,1,Không Thẻ / Hạng Chuẩn
14480,11,1,279.05,1,Không Thẻ / Hạng Chuẩn
14481,165,2,636.51,1,Không Thẻ / Hạng Chuẩn
14482,18,6,2022.81,2,Thẻ Vàng - Kim Cương (Gold)
14483,282,1,129.2,1,Không Thẻ / Hạng Chuẩn
14484,50,1,321.92,1,Không Thẻ / Hạng Chuẩn
14485,39,1,162.8,1,Không Thẻ / Hạng Chuẩn
14487,27,6,1152.73,0,Thẻ Bạc (Silver)
14488,68,1,1047.43,1,Không Thẻ / Hạng Chuẩn
14489,207,1,463.38,1,Không Thẻ / Hạng Chuẩn
14491,175,2,340.93,1,Không Thẻ / Hạng Chuẩn
14493,7,5,2362.84,2,Thẻ Vàng - Kim Cương (Gold)
14494,26,1,139.56,1,Không Thẻ / Hạng Chuẩn
14495,51,2,123.8,1,Không Thẻ / Hạng Chuẩn
14496,312,2,538.81,1,Không Thẻ / Hạng Chuẩn
14497,309,1,457.47,1,Không Thẻ / Hạng Chuẩn
14498,43,5,1957.32,0,Thẻ Bạc (Silver)
14499,26,3,808.44,0,Thẻ Bạc (Silver)
14500,88,3,356.85,0,Thẻ Bạc (Silver)
14501,184,2,190.31,1,Không Thẻ / Hạng Chuẩn
14502,20,11,2310.18,2,Thẻ Vàng - Kim Cương (Gold)
14503,3,6,3543.26,2,Thẻ Vàng - Kim Cương (Gold)
14504,47,4,673.26,0,Thẻ Bạc (Silver)
14505,17,8,5772.49,2,Thẻ Vàng - Kim Cương (Gold)
14506,17,5,1960.65,0,Thẻ Bạc (Silver)
14507,24,6,1352.88,0,Thẻ Bạc (Silver)
14508,22,2,268.05,0,Thẻ Bạc (Silver)
14511,11,5,1267.41,0,Thẻ Bạc (Silver)
14512,188,2,275.28,1,Không Thẻ / Hạng Chuẩn
14513,101,3,438.49,0,Thẻ Bạc (Silver)
14514,61,3,990.2,0,Thẻ Bạc (Silver)
14515,18,6,2076.89,2,Thẻ Vàng - Kim Cương (Gold)
14517,33,2,330.45,0,Thẻ Bạc (Silver)
14518,64,1,174.37,1,Không Thẻ / Hạng Chuẩn
14520,2,2,270.6,0,Thẻ Bạc (Silver)
14522,24,4,974.54,0,Thẻ Bạc (Silver)
14523,108,1,241.09,1,Không Thẻ / Hạng Chuẩn
14524,32,9,1843.83,2,Thẻ Vàng - Kim Cương (Gold)
14525,20,9,4105.07,2,Thẻ Vàng - Kim Cương (Gold)
14527,3,55,7709.69,2,Thẻ Vàng - Kim Cương (Gold)
14528,37,1,364.22,1,Không Thẻ / Hạng Chuẩn
14529,60,3,578.61,0,Thẻ Bạc (Silver)
14530,26,6,2862.11,2,Thẻ Vàng - Kim Cương (Gold)
14532,236,4,932.85,0,Thẻ Bạc (Silver)
14533,25,7,1812.62,0,Thẻ Bạc (Silver)
14534,3,18,4025.6,2,Thẻ Vàng - Kim Cương (Gold)
14535,60,3,2831.74,0,Thẻ Bạc (Silver)
14536,260,1,170.95,1,Không Thẻ / Hạng Chuẩn
14537,58,1,355.56,1,Không Thẻ / Hạng Chuẩn
14538,65,2,388.25,1,Không Thẻ / Hạng Chuẩn
14539,16,2,537.48,0,Thẻ Bạc (Silver)
14540,10,3,952.66,0,Thẻ Bạc (Silver)
14541,59,8,1453.35,0,Thẻ Bạc (Silver)
14542,186,1,103.25,1,Không Thẻ / Hạng Chuẩn
14543,29,16,2916.17,2,Thẻ Vàng - Kim Cương (Gold)
14544,24,2,2004.3,0,Thẻ Bạc (Silver)
14546,5,5,2482.86,2,Thẻ Vàng - Kim Cương (Gold)
14547,4,8,3953.95,2,Thẻ Vàng - Kim Cương (Gold)
14548,151,2,652.8,1,Không Thẻ / Hạng Chuẩn
14549,311,1,289.24,1,Không Thẻ / Hạng Chuẩn
14550,11,2,757.37,0,Thẻ Bạc (Silver)
14551,18,2,186.23,1,Không Thẻ / Hạng Chuẩn
14552,152,1,164.22,1,Không Thẻ / Hạng Chuẩn
14553,19,5,859.27,0,Thẻ Bạc (Silver)
14554,10,4,2279.49,0,Thẻ Bạc (Silver)
14555,57,2,312.54,1,Không Thẻ / Hạng Chuẩn
14560,7,22,2174.18,2,Thẻ Vàng - Kim Cương (Gold)
14561,76,3,1080.76,0,Thẻ Bạc (Silver)
14562,4,18,4676.62,2,Thẻ Vàng - Kim Cương (Gold)
14565,96,4,3073.77,0,Thẻ Bạc (Silver)
14566,111,1,1432.0,1,Không Thẻ / Hạng Chuẩn
14567,57,2,1524.46,0,Thẻ Bạc (Silver)
14569,1,1,227.39,0,Thẻ Bạc (Silver)
14570,281,2,218.06,1,Không Thẻ / Hạng Chuẩn
14572,3,7,2775.39,2,Thẻ Vàng - Kim Cương (Gold)
14573,180,9,1590.12,0,Thẻ Bạc (Silver)
14576,372,1,35.4,1,Không Thẻ / Hạng Chuẩn
14577,13,4,859.71,0,Thẻ Bạc (Silver)
14578,3,1,168.63,0,Thẻ Bạc (Silver)
14581,17,1,138.6,1,Không Thẻ / Hạng Chuẩn
14582,41,1,114.11,1,Không Thẻ / Hạng Chuẩn
14583,6,5,986.96,0,Thẻ Bạc (Silver)
14584,169,4,1020.06,0,Thẻ Bạc (Silver)
14585,50,1,157.05,1,Không Thẻ / Hạng Chuẩn
14586,277,1,134.16,1,Không Thẻ / Hạng Chuẩn
14587,19,9,1577.39,2,Thẻ Vàng - Kim Cương (Gold)
14589,372,1,39.75,1,Không Thẻ / Hạng Chuẩn
14591,15,4,1320.21,0,Thẻ Bạc (Silver)
14592,35,3,557.94,0,Thẻ Bạc (Silver)
14593,22,3,617.15,0,Thẻ Bạc (Silver)
14594,7,2,363.33,0,Thẻ Bạc (Silver)
14595,20,6,1740.6,0,Thẻ Bạc (Silver)
14597,11,2,866.24,0,Thẻ Bạc (Silver)
14598,44,1,221.97,1,Không Thẻ / Hạng Chuẩn
14600,306,1,393.33,1,Không Thẻ / Hạng Chuẩn
14601,11,1,213.96,1,Không Thẻ / Hạng Chuẩn
14603,275,1,660.0,1,Không Thẻ / Hạng Chuẩn
14606,1,93,11633.35,2,Thẻ Vàng - Kim Cương (Gold)
14607,16,14,10981.1,2,Thẻ Vàng - Kim Cương (Gold)
14608,4,4,1785.15,2,Thẻ Vàng - Kim Cương (Gold)
14609,72,4,601.56,0,Thẻ Bạc (Silver)
14616,243,3,406.08,1,Không Thẻ / Hạng Chuẩn
14618,9,3,538.59,0,Thẻ Bạc (Silver)
14619,246,1,379.51,1,Không Thẻ / Hạng Chuẩn
14620,206,2,393.28,1,Không Thẻ / Hạng Chuẩn
14621,1,5,1765.76,2,Thẻ Vàng - Kim Cương (Gold)
14622,185,1,320.58,1,Không Thẻ / Hạng Chuẩn
14623,32,5,866.8,0,Thẻ Bạc (Silver)
14624,57,2,225.85,1,Không Thẻ / Hạng Chuẩn
14625,196,2,848.48,1,Không Thẻ / Hạng Chuẩn
14626,24,4,2757.07,0,Thẻ Bạc (Silver)
14628,91,2,671.96,0,Thẻ Bạc (Silver)
14629,4,2,935.46,0,Thẻ Bạc (Silver)
14631,51,3,1006.98,0,Thẻ Bạc (Silver)
14632,263,1,114.56,1,Không Thẻ / Hạng Chuẩn
14633,266,1,344.9,1,Không Thẻ / Hạng Chuẩn
14636,36,2,609.85,0,Thẻ Bạc (Silver)
14638,51,1,443.6,1,Không Thẻ / Hạng Chuẩn
14639,52,6,2952.34,0,Thẻ Bạc (Silver)
14640,24,6,2024.45,0,Thẻ Bạc (Silver)
14641,22,1,110.46,1,Không Thẻ / Hạng Chuẩn
14642,59,1,96.12,1,Không Thẻ / Hạng Chuẩn
14643,170,2,668.61,1,Không Thẻ / Hạng Chuẩn
14644,68,2,780.46,0,Thẻ Bạc (Silver)
14645,157,2,597.09,1,Không Thẻ / Hạng Chuẩn
14646,2,73,279489.02,2,Thẻ Vàng - Kim Cương (Gold)
14647,201,1,236.04,1,Không Thẻ / Hạng Chuẩn
14649,5,4,1402.59,2,Thẻ Vàng - Kim Cương (Gold)
14651,67,2,653.75,0,Thẻ Bạc (Silver)
14652,77,1,114.18,1,Không Thẻ / Hạng Chuẩn
14653,1,7,1926.65,2,Thẻ Vàng - Kim Cương (Gold)
14655,8,4,1930.15,2,Thẻ Vàng - Kim Cương (Gold)
14656,169,2,291.05,1,Không Thẻ / Hạng Chuẩn
14657,18,4,838.27,0,Thẻ Bạc (Silver)
14658,5,2,247.15,0,Thẻ Bạc (Silver)
14659,9,9,2456.53,2,Thẻ Vàng - Kim Cương (Gold)
14660,87,2,285.74,1,Không Thẻ / Hạng Chuẩn
14661,27,1,107.95,1,Không Thẻ / Hạng Chuẩn
14662,29,4,741.37,0,Thẻ Bạc (Silver)
14664,20,2,636.24,0,Thẻ Bạc (Silver)
14665,61,5,1258.38,0,Thẻ Bạc (Silver)
14666,24,1,195.25,1,Không Thẻ / Hạng Chuẩn
14667,11,25,9165.04,2,Thẻ Vàng - Kim Cương (Gold)
14669,242,3,1259.24,0,Thẻ Bạc (Silver)
14670,280,2,392.86,1,Không Thẻ / Hạng Chuẩn
14672,235,2,765.55,1,Không Thẻ / Hạng Chuẩn
14673,3,5,1736.4,2,Thẻ Vàng - Kim Cương (Gold)
14675,16,1,596.36,0,Thẻ Bạc (Silver)
14676,31,6,2543.24,0,Thẻ Bạc (Silver)
14680,25,16,26932.34,2,Thẻ Vàng - Kim Cương (Gold)
14681,71,3,498.95,0,Thẻ Bạc (Silver)
14682,188,2,52.0,1,Không Thẻ / Hạng Chuẩn
14684,26,5,1201.51,0,Thẻ Bạc (Silver)
14687,107,1,628.38,1,Không Thẻ / Hạng Chuẩn
14688,8,21,5055.61,2,Thẻ Vàng - Kim Cương (Gold)
14689,209,1,112.8,1,Không Thẻ / Hạng Chuẩn
14690,44,2,341.96,1,Không Thẻ / Hạng Chuẩn
14691,31,5,2114.33,0,Thẻ Bạc (Silver)
14692,137,4,582.05,0,Thẻ Bạc (Silver)
14693,265,1,172.9,1,Không Thẻ / Hạng Chuẩn
14696,4,7,2070.97,2,Thẻ Vàng - Kim Cương (Gold)
14697,218,2,188.61,1,Không Thẻ / Hạng Chuẩn
14698,2,5,1217.27,2,Thẻ Vàng - Kim Cương (Gold)
14699,214,1,109.13,1,Không Thẻ / Hạng Chuẩn
14700,32,3,2195.1,0,Thẻ Bạc (Silver)
14701,11,9,2462.94,2,Thẻ Vàng - Kim Cương (Gold)
14702,1,17,3210.29,2,Thẻ Vàng - Kim Cương (Gold)
14703,15,1,318.17,1,Không Thẻ / Hạng Chuẩn
14704,11,9,1493.96,2,Thẻ Vàng - Kim Cương (Gold)
14705,199,1,179.0,1,Không Thẻ / Hạng Chuẩn
14708,3,3,1096.67,0,Thẻ Bạc (Silver)
14709,15,13,4911.14,2,Thẻ Vàng - Kim Cương (Gold)
14710,14,4,599.48,0,Thẻ Bạc (Silver)
14711,10,11,2809.02,2,Thẻ Vàng - Kim Cương (Gold)
14712,29,3,917.07,0,Thẻ Bạc (Silver)
14713,9,11,2660.1,2,Thẻ Vàng - Kim Cương (Gold)
14714,24,1,160.19,1,Không Thẻ / Hạng Chuẩn
14715,25,4,867.38,0,Thẻ Bạc (Silver)
14716,43,2,307.51,1,Không Thẻ / Hạng Chuẩn
14719,2,5,1571.89,2,Thẻ Vàng - Kim Cương (Gold)
14720,6,3,663.81,0,Thẻ Bạc (Silver)
14722,147,1,180.42,1,Không Thẻ / Hạng Chuẩn
14723,10,6,1122.36,0,Thẻ Bạc (Silver)
14725,25,1,655.58,1,Không Thẻ / Hạng Chuẩn
14727,274,1,268.58,1,Không Thẻ / Hạng Chuẩn
14729,374,1,313.49,1,Không Thẻ / Hạng Chuẩn
14730,1,8,1897.57,2,Thẻ Vàng - Kim Cương (Gold)
14731,47,3,380.02,0,Thẻ Bạc (Silver)
14732,8,8,2686.34,2,Thẻ Vàng - Kim Cương (Gold)
14733,16,12,9451.54,2,Thẻ Vàng - Kim Cương (Gold)
14735,4,32,5807.69,2,Thẻ Vàng - Kim Cương (Gold)
14737,4,3,1164.55,0,Thẻ Bạc (Silver)
14738,43,7,1289.94,0,Thẻ Bạc (Silver)
14739,4,7,3899.1,2,Thẻ Vàng - Kim Cương (Gold)
14740,197,3,1423.21,0,Thẻ Bạc (Silver)
14741,12,6,1400.34,0,Thẻ Bạc (Silver)
14744,16,7,1088.53,0,Thẻ Bạc (Silver)
14745,113,5,1167.16,0,Thẻ Bạc (Silver)
14747,249,1,294.3,1,Không Thẻ / Hạng Chuẩn
14748,29,5,1311.79,0,Thẻ Bạc (Silver)
14752,44,1,389.64,1,Không Thẻ / Hạng Chuẩn
14753,87,1,563.15,1,Không Thẻ / Hạng Chuẩn
14754,45,2,638.05,0,Thẻ Bạc (Silver)
14755,10,11,4965.38,2,Thẻ Vàng - Kim Cương (Gold)
14756,15,1,738.96,0,Thẻ Bạc (Silver)
14757,75,1,420.5,1,Không Thẻ / Hạng Chuẩn
14758,145,4,1484.06,0,Thẻ Bạc (Silver)
14759,5,3,1625.97,0,Thẻ Bạc (Silver)
14760,297,1,53.8,1,Không Thẻ / Hạng Chuẩn
14761,59,2,255.9,1,Không Thẻ / Hạng Chuẩn
14762,264,1,300.52,1,Không Thẻ / Hạng Chuẩn
14764,47,1,250.55,1,Không Thẻ / Hạng Chuẩn
14765,29,3,254.11,0,Thẻ Bạc (Silver)
14766,8,6,2423.07,2,Thẻ Vàng - Kim Cương (Gold)
14768,17,2,139.5,1,Không Thẻ / Hạng Chuẩn
14769,3,8,10383.83,2,Thẻ Vàng - Kim Cương (Gold)
14770,232,2,876.42,1,Không Thẻ / Hạng Chuẩn
14772,112,1,139.26,1,Không Thẻ / Hạng Chuẩn
14775,58,3,1011.9,0,Thẻ Bạc (Silver)
14776,51,11,2195.58,2,Thẻ Vàng - Kim Cương (Gold)
14778,127,2,730.86,1,Không Thẻ / Hạng Chuẩn
14779,281,3,386.15,1,Không Thẻ / Hạng Chuẩn
14780,55,2,447.68,0,Thẻ Bạc (Silver)
14782,320,1,200.1,1,Không Thẻ / Hạng Chuẩn
14784,26,2,289.99,0,Thẻ Bạc (Silver)
14785,10,2,77.4,1,Không Thẻ / Hạng Chuẩn
14788,7,2,679.44,0,Thẻ Bạc (Silver)
14789,29,1,197.64,1,Không Thẻ / Hạng Chuẩn
14790,17,4,745.06,0,Thẻ Bạc (Silver)
14793,21,1,214.14,1,Không Thẻ / Hạng Chuẩn
14794,3,7,1272.11,2,Thẻ Vàng - Kim Cương (Gold)
14795,166,1,131.45,1,Không Thẻ / Hạng Chuẩn
14796,1,17,7792.51,2,Thẻ Vàng - Kim Cương (Gold)
14798,53,3,173.74,1,Không Thẻ / Hạng Chuẩn
14799,51,1,157.7,1,Không Thẻ / Hạng Chuẩn
14800,48,12,4228.39,2,Thẻ Vàng - Kim Cương (Gold)
14801,61,1,189.34,1,Không Thẻ / Hạng Chuẩn
14803,162,3,845.55,0,Thẻ Bạc (Silver)
14804,9,1,353.27,0,Thẻ Bạc (Silver)
14805,15,4,546.4,0,Thẻ Bạc (Silver)
14806,75,1,193.39,1,Không Thẻ / Hạng Chuẩn
14808,40,8,2152.8,0,Thẻ Bạc (Silver)
14810,41,11,2085.33,2,Thẻ Vàng - Kim Cương (Gold)
14813,370,2,152.88,1,Không Thẻ / Hạng Chuẩn
14815,37,2,778.5,0,Thẻ Bạc (Silver)
14816,197,1,271.85,1,Không Thẻ / Hạng Chuẩn
14817,200,2,1110.34,0,Thẻ Bạc (Silver)
14818,74,3,657.8,0,Thẻ Bạc (Silver)
14819,64,2,272.07,1,Không Thẻ / Hạng Chuẩn
14820,21,4,507.29,0,Thẻ Bạc (Silver)
14821,367,1,48.8,1,Không Thẻ / Hạng Chuẩn
14823,180,3,321.43,1,Không Thẻ / Hạng Chuẩn
14824,10,4,1127.71,0,Thẻ Bạc (Silver)
14825,4,12,2221.01,2,Thẻ Vàng - Kim Cương (Gold)
14828,197,3,2139.76,0,Thẻ Bạc (Silver)
14829,29,4,644.65,0,Thẻ Bạc (Silver)
14830,53,1,188.88,1,Không Thẻ / Hạng Chuẩn
14834,18,6,1698.35,0,Thẻ Bạc (Silver)
14836,10,3,102.45,0,Thẻ Bạc (Silver)
14837,90,4,1641.2,0,Thẻ Bạc (Silver)
14840,268,1,62.85,1,Không Thẻ / Hạng Chuẩn
14841,53,6,3295.76,0,Thẻ Bạc (Silver)
14842,44,4,2456.8,0,Thẻ Bạc (Silver)
14844,64,4,3189.81,0,Thẻ Bạc (Silver)
14847,149,1,309.4,1,Không Thẻ / Hạng Chuẩn
14849,22,25,7904.28,2,Thẻ Vàng - Kim Cương (Gold)
14850,312,1,278.15,1,Không Thẻ / Hạng Chuẩn
14851,23,2,511.35,0,Thẻ Bạc (Silver)
14852,58,6,2836.69,0,Thẻ Bạc (Silver)
14853,24,2,463.05,0,Thẻ Bạc (Silver)
14854,78,7,2730.09,0,Thẻ Bạc (Silver)
14855,119,2,645.65,1,Không Thẻ / Hạng Chuẩn
14856,36,3,1290.53,0,Thẻ Bạc (Silver)
14857,60,2,1165.65,0,Thẻ Bạc (Silver)
14859,13,4,1352.04,0,Thẻ Bạc (Silver)
14860,19,1,168.62,1,Không Thẻ / Hạng Chuẩn
14861,52,1,125.79,1,Không Thẻ / Hạng Chuẩn
14862,26,2,841.2,0,Thẻ Bạc (Silver)
14863,29,1,266.76,1,Không Thẻ / Hạng Chuẩn
14865,7,2,52.2,1,Không Thẻ / Hạng Chuẩn
14866,11,12,14197.45,2,Thẻ Vàng - Kim Cương (Gold)
14867,186,3,701.33,0,Thẻ Bạc (Silver)
14868,3,8,2939.64,2,Thẻ Vàng - Kim Cương (Gold)
14869,9,2,717.7,0,Thẻ Bạc (Silver)
14870,262,1,327.25,1,Không Thẻ / Hạng Chuẩn
14871,3,4,501.28,0,Thẻ Bạc (Silver)
14873,210,1,519.68,1,Không Thẻ / Hạng Chuẩn
14875,108,2,1448.72,0,Thẻ Bạc (Silver)
14878,13,9,1476.09,2,Thẻ Vàng - Kim Cương (Gold)
14880,77,3,690.59,0,Thẻ Bạc (Silver)
14881,20,1,255.4,1,Không Thẻ / Hạng Chuẩn
14882,27,2,589.7,0,Thẻ Bạc (Silver)
14883,19,6,756.64,0,Thẻ Bạc (Silver)
14885,132,1,765.32,1,Không Thẻ / Hạng Chuẩn
14886,253,1,364.8,1,Không Thẻ / Hạng Chuẩn
14887,79,1,1862.0,0,Thẻ Bạc (Silver)
14888,207,1,369.2,1,Không Thẻ / Hạng Chuẩn
14889,336,1,135.9,1,Không Thẻ / Hạng Chuẩn
14890,254,1,125.65,1,Không Thẻ / Hạng Chuẩn
14891,148,2,554.38,1,Không Thẻ / Hạng Chuẩn
14893,10,2,1237.85,0,Thẻ Bạc (Silver)
14894,85,1,655.75,1,Không Thẻ / Hạng Chuẩn
14895,8,20,11020.26,2,Thẻ Vàng - Kim Cương (Gold)
14896,205,2,468.77,1,Không Thẻ / Hạng Chuẩn
14897,8,4,1366.38,0,Thẻ Bạc (Silver)
14898,23,6,1194.11,0,Thẻ Bạc (Silver)
14901,11,9,1414.99,2,Thẻ Vàng - Kim Cương (Gold)
14902,26,1,314.11,1,Không Thẻ / Hạng Chuẩn
14903,21,5,2729.18,0,Thẻ Bạc (Silver)
14904,2,2,1025.44,0,Thẻ Bạc (Silver)
14905,158,2,599.9,1,Không Thẻ / Hạng Chuẩn
14907,3,7,3478.85,2,Thẻ Vàng - Kim Cương (Gold)
14908,74,1,277.8,1,Không Thẻ / Hạng Chuẩn
14910,3,4,389.86,0,Thẻ Bạc (Silver)
14911,1,201,132458.73,2,Thẻ Vàng - Kim Cương (Gold)
14912,17,2,841.52,0,Thẻ Bạc (Silver)
14913,36,4,1227.43,0,Thẻ Bạc (Silver)
14915,91,2,258.83,1,Không Thẻ / Hạng Chuẩn
14916,71,4,1264.84,0,Thẻ Bạc (Silver)
14918,116,2,1610.15,0,Thẻ Bạc (Silver)
14920,213,2,977.77,1,Không Thẻ / Hạng Chuẩn
14921,30,2,1316.07,0,Thẻ Bạc (Silver)
14923,51,1,749.1,1,Không Thẻ / Hạng Chuẩn
14924,246,1,310.05,1,Không Thẻ / Hạng Chuẩn
14929,32,1,223.88,1,Không Thẻ / Hạng Chuẩn
14930,109,3,2362.96,0,Thẻ Bạc (Silver)
14931,5,5,964.68,2,Thẻ Vàng - Kim Cương (Gold)
14932,366,1,363.53,1,Không Thẻ / Hạng Chuẩn
14934,82,2,1888.84,0,Thẻ Bạc (Silver)
14935,297,1,1784.71,1,Không Thẻ / Hạng Chuẩn
14936,34,8,8117.42,2,Thẻ Vàng - Kim Cương (Gold)
14937,57,3,1617.63,0,Thẻ Bạc (Silver)
14944,30,12,5842.95,2,Thẻ Vàng - Kim Cương (Gold)
14946,14,1,100.9,1,Không Thẻ / Hạng Chuẩn
14947,72,2,290.82,1,Không Thẻ / Hạng Chuẩn
14948,23,6,1066.57,0,Thẻ Bạc (Silver)
14950,19,1,361.25,1,Không Thẻ / Hạng Chuẩn
14951,79,1,311.69,1,Không Thẻ / Hạng Chuẩn
14952,60,11,7912.79,2,Thẻ Vàng - Kim Cương (Gold)
14953,25,1,285.67,1,Không Thẻ / Hạng Chuẩn
14954,12,1,294.85,1,Không Thẻ / Hạng Chuẩn
14957,253,1,58.49,1,Không Thẻ / Hạng Chuẩn
14958,147,3,483.73,1,Không Thẻ / Hạng Chuẩn
14959,64,4,684.97,0,Thẻ Bạc (Silver)
14960,8,2,221.27,0,Thẻ Bạc (Silver)
14961,11,9,7006.58,2,Thẻ Vàng - Kim Cương (Gold)
14962,271,1,126.7,1,Không Thẻ / Hạng Chuẩn
14963,10,5,1472.34,0,Thẻ Bạc (Silver)
14964,247,1,206.21,1,Không Thẻ / Hạng Chuẩn
14965,96,2,596.09,1,Không Thẻ / Hạng Chuẩn
14966,15,1,183.02,1,Không Thẻ / Hạng Chuẩn
14967,50,1,463.8,1,Không Thẻ / Hạng Chuẩn
14968,30,1,147.59,1,Không Thẻ / Hạng Chuẩn
14970,68,4,1592.06,0,Thẻ Bạc (Silver)
14971,35,3,1097.98,0,Thẻ Bạc (Silver)
14972,128,1,114.77,1,Không Thẻ / Hạng Chuẩn
14973,107,3,1314.45,0,Thẻ Bạc (Silver)
14974,37,1,89.94,1,Không Thẻ / Hạng Chuẩn
14975,57,1,279.94,1,Không Thẻ / Hạng Chuẩn
14976,57,7,765.86,0,Thẻ Bạc (Silver)
14978,72,5,1921.37,0,Thẻ Bạc (Silver)
14981,246,1,102.12,1,Không Thẻ / Hạng Chuẩn
14984,19,2,202.37,1,Không Thẻ / Hạng Chuẩn
14985,198,2,292.01,1,Không Thẻ / Hạng Chuẩn
14987,16,2,326.4,0,Thẻ Bạc (Silver)
14988,212,1,334.54,1,Không Thẻ / Hạng Chuẩn
14995,39,2,231.98,1,Không Thẻ / Hạng Chuẩn
14997,46,3,540.98,0,Thẻ Bạc (Silver)
14998,170,2,414.87,1,Không Thẻ / Hạng Chuẩn
15000,48,1,490.52,1,Không Thẻ / Hạng Chuẩn
15002,116,4,1641.76,0,Thẻ Bạc (Silver)
15004,147,1,1220.77,1,Không Thẻ / Hạng Chuẩn
15005,16,28,6160.54,2,Thẻ Vàng - Kim Cương (Gold)
15006,51,1,480.38,1,Không Thẻ / Hạng Chuẩn
15007,159,1,156.91,1,Không Thẻ / Hạng Chuẩn
15009,12,3,1259.43,0,Thẻ Bạc (Silver)
15010,36,1,308.94,1,Không Thẻ / Hạng Chuẩn
15012,54,2,405.04,1,Không Thẻ / Hạng Chuẩn
15014,43,2,257.67,1,Không Thẻ / Hạng Chuẩn
15016,173,1,170.04,1,Không Thẻ / Hạng Chuẩn
15017,34,1,125.58,1,Không Thẻ / Hạng Chuẩn
15018,39,3,456.26,0,Thẻ Bạc (Silver)
15019,267,1,252.81,1,Không Thẻ / Hạng Chuẩn
15021,9,9,1829.23,2,Thẻ Vàng - Kim Cương (Gold)
15022,12,4,852.39,0,Thẻ Bạc (Silver)
15023,3,11,6680.81,2,Thẻ Vàng - Kim Cương (Gold)
15024,10,10,1636.43,2,Thẻ Vàng - Kim Cương (Gold)
15025,33,1,361.96,1,Không Thẻ / Hạng Chuẩn
15026,80,3,469.0,0,Thẻ Bạc (Silver)
15027,31,4,1051.95,0,Thẻ Bạc (Silver)
15028,8,4,627.13,0,Thẻ Bạc (Silver)
15030,72,2,518.28,1,Không Thẻ / Hạng Chuẩn
15031,4,4,653.19,0,Thẻ Bạc (Silver)
15032,256,3,4464.1,0,Thẻ Bạc (Silver)
15033,5,10,2541.53,2,Thẻ Vàng - Kim Cương (Gold)
15034,16,8,4243.21,2,Thẻ Vàng - Kim Cương (Gold)
15035,90,1,252.73,1,Không Thẻ / Hạng Chuẩn
15036,72,3,429.56,0,Thẻ Bạc (Silver)
15038,59,6,645.84,0,Thẻ Bạc (Silver)
15039,10,47,19638.59,2,Thẻ Vàng - Kim Cương (Gold)
15041,170,1,179.93,1,Không Thẻ / Hạng Chuẩn
15042,199,1,135.93,1,Không Thẻ / Hạng Chuẩn
15043,31,1,537.0,1,Không Thẻ / Hạng Chuẩn
15044,19,17,7563.88,2,Thẻ Vàng - Kim Cương (Gold)
15045,152,2,633.66,1,Không Thẻ / Hạng Chuẩn
15046,9,15,4940.66,2,Thẻ Vàng - Kim Cương (Gold)
15047,270,1,343.62,1,Không Thẻ / Hạng Chuẩn
15048,65,4,377.52,0,Thẻ Bạc (Silver)
15049,274,1,121.17,1,Không Thẻ / Hạng Chuẩn
15050,25,3,1682.77,0,Thẻ Bạc (Silver)
15051,23,3,1383.36,0,Thẻ Bạc (Silver)
15052,319,1,207.73,1,Không Thẻ / Hạng Chuẩn
15053,5,3,693.95,0,Thẻ Bạc (Silver)
15054,12,2,302.1,0,Thẻ Bạc (Silver)
15057,275,2,1489.5,0,Thẻ Bạc (Silver)
15058,25,11,2102.54,2,Thẻ Vàng - Kim Cương (Gold)
15059,41,9,1325.82,0,Thẻ Bạc (Silver)
15060,8,4,294.25,0,Thẻ Bạc (Silver)
15061,4,48,54228.74,2,Thẻ Vàng - Kim Cương (Gold)
15062,71,4,987.86,0,Thẻ Bạc (Silver)
15063,213,1,370.8,1,Không Thẻ / Hạng Chuẩn
15065,38,4,3135.98,0,Thẻ Bạc (Silver)
15066,53,1,760.59,1,Không Thẻ / Hạng Chuẩn
15067,78,3,1744.76,0,Thẻ Bạc (Silver)
15068,46,2,553.36,0,Thẻ Bạc (Silver)
15069,179,1,1109.53,1,Không Thẻ / Hạng Chuẩn
15070,373,1,106.2,1,Không Thẻ / Hạng Chuẩn
15071,94,2,982.07,0,Thẻ Bạc (Silver)
15073,10,3,612.43,0,Thẻ Bạc (Silver)
15074,105,1,735.67,1,Không Thẻ / Hạng Chuẩn
15075,78,1,773.03,1,Không Thẻ / Hạng Chuẩn
15076,173,1,880.85,1,Không Thẻ / Hạng Chuẩn
15078,7,32,9623.35,2,Thẻ Vàng - Kim Cương (Gold)
15079,213,4,893.66,0,Thẻ Bạc (Silver)
15081,22,5,487.35,0,Thẻ Bạc (Silver)
15083,257,1,88.2,1,Không Thẻ / Hạng Chuẩn
15087,282,1,306.94,1,Không Thẻ / Hạng Chuẩn
15088,21,2,1140.27,0,Thẻ Bạc (Silver)
15089,10,6,2420.84,2,Thẻ Vàng - Kim Cương (Gold)
15090,308,1,381.32,1,Không Thẻ / Hạng Chuẩn
15091,68,1,476.96,1,Không Thẻ / Hạng Chuẩn
15092,215,2,457.81,1,Không Thẻ / Hạng Chuẩn
15093,18,6,4410.14,2,Thẻ Vàng - Kim Cương (Gold)
15095,104,4,1364.7,0,Thẻ Bạc (Silver)
15096,43,1,219.39,1,Không Thẻ / Hạng Chuẩn
15097,4,1,248.08,0,Thẻ Bạc (Silver)
15098,182,3,649.5,0,Thẻ Bạc (Silver)
15099,84,1,410.48,1,Không Thẻ / Hạng Chuẩn
15100,334,3,635.1,1,Không Thẻ / Hạng Chuẩn
15101,9,2,310.03,0,Thẻ Bạc (Silver)
15103,31,2,703.36,0,Thẻ Bạc (Silver)
15104,197,2,968.64,1,Không Thẻ / Hạng Chuẩn
15105,18,7,2298.93,2,Thẻ Vàng - Kim Cương (Gold)
15106,18,5,1407.73,0,Thẻ Bạc (Silver)
15107,311,6,247.66,1,Không Thẻ / Hạng Chuẩn
15108,142,4,1291.75,0,Thẻ Bạc (Silver)
15109,246,1,463.75,1,Không Thẻ / Hạng Chuẩn
15110,24,4,973.2,0,Thẻ Bạc (Silver)
15111,29,3,1567.48,0,Thẻ Bạc (Silver)
15113,10,3,3339.51,0,Thẻ Bạc (Silver)
15114,30,10,2760.56,2,Thẻ Vàng - Kim Cương (Gold)
15115,18,1,340.11,1,Không Thẻ / Hạng Chuẩn
15116,18,4,1352.75,0,Thẻ Bạc (Silver)
15117,15,5,1550.13,0,Thẻ Bạc (Silver)
15118,134,1,244.8,1,Không Thẻ / Hạng Chuẩn
15119,246,1,266.4,1,Không Thẻ / Hạng Chuẩn
15120,134,1,343.82,1,Không Thẻ / Hạng Chuẩn
15121,50,2,457.72,0,Thẻ Bạc (Silver)
15122,114,3,1612.13,0,Thẻ Bạc (Silver)
15123,7,2,2199.31,0,Thẻ Bạc (Silver)
15124,23,2,184.19,1,Không Thẻ / Hạng Chuẩn
15125,25,15,11117.05,2,Thẻ Vàng - Kim Cương (Gold)
15127,66,1,406.53,1,Không Thẻ / Hạng Chuẩn
15128,60,4,1419.54,0,Thẻ Bạc (Silver)
15129,50,11,3447.4,2,Thẻ Vàng - Kim Cương (Gold)
15130,170,1,330.11,1,Không Thẻ / Hạng Chuẩn
15132,18,5,977.93,0,Thẻ Bạc (Silver)
15133,128,3,982.42,0,Thẻ Bạc (Silver)
15134,15,8,1387.99,2,Thẻ Vàng - Kim Cương (Gold)
15135,239,1,127.15,1,Không Thẻ / Hạng Chuẩn
15136,3,4,1282.45,2,Thẻ Vàng - Kim Cương (Gold)
15139,240,2,178.96,1,Không Thẻ / Hạng Chuẩn
15140,52,7,2350.0,0,Thẻ Bạc (Silver)
15142,46,1,498.74,1,Không Thẻ / Hạng Chuẩn
15143,226,1,259.45,1,Không Thẻ / Hạng Chuẩn
15144,8,17,6530.04,2,Thẻ Vàng - Kim Cương (Gold)
15145,4,4,1194.73,2,Thẻ Vàng - Kim Cương (Gold)
15146,165,2,1313.66,0,Thẻ Bạc (Silver)
15147,240,1,608.65,1,Không Thẻ / Hạng Chuẩn
15148,11,1,301.29,1,Không Thẻ / Hạng Chuẩn
15149,134,1,520.8,1,Không Thẻ / Hạng Chuẩn
15150,17,10,5280.83,2,Thẻ Vàng - Kim Cương (Gold)
15152,10,13,4684.24,2,Thẻ Vàng - Kim Cương (Gold)
15153,31,1,329.25,1,Không Thẻ / Hạng Chuẩn
15154,75,1,224.73,1,Không Thẻ / Hạng Chuẩn
15156,1,3,961.49,2,Thẻ Vàng - Kim Cương (Gold)
15157,4,3,1869.5,2,Thẻ Vàng - Kim Cương (Gold)
15158,45,1,401.4,1,Không Thẻ / Hạng Chuẩn
15159,2,30,18573.68,2,Thẻ Vàng - Kim Cương (Gold)
15160,357,1,158.16,1,Không Thẻ / Hạng Chuẩn
15163,18,2,304.47,0,Thẻ Bạc (Silver)
15164,69,3,824.58,0,Thẻ Bạc (Silver)
15165,373,1,487.75,1,Không Thẻ / Hạng Chuẩn
15167,321,1,158.8,1,Không Thẻ / Hạng Chuẩn
15168,26,1,106.56,1,Không Thẻ / Hạng Chuẩn
15171,331,1,1034.5,1,Không Thẻ / Hạng Chuẩn
15172,9,5,1624.05,2,Thẻ Vàng - Kim Cương (Gold)
15174,323,1,135.75,1,Không Thẻ / Hạng Chuẩn
15175,72,1,224.14,1,Không Thẻ / Hạng Chuẩn
15178,260,1,40.5,1,Không Thẻ / Hạng Chuẩn
15179,18,5,2186.2,0,Thẻ Bạc (Silver)
15180,367,1,87.5,1,Không Thẻ / Hạng Chuẩn
15181,66,3,680.28,0,Thẻ Bạc (Silver)
15182,154,2,622.85,1,Không Thẻ / Hạng Chuẩn
15184,29,2,402.2,0,Thẻ Bạc (Silver)
15185,70,1,310.62,1,Không Thẻ / Hạng Chuẩn
15186,14,2,411.41,0,Thẻ Bạc (Silver)
15187,2,16,4670.08,2,Thẻ Vàng - Kim Cương (Gold)
15189,1,41,15802.14,2,Thẻ Vàng - Kim Cương (Gold)
15192,120,3,1044.32,0,Thẻ Bạc (Silver)
15193,61,1,499.32,1,Không Thẻ / Hạng Chuẩn
15194,3,15,7521.17,2,Thẻ Vàng - Kim Cương (Gold)
15195,3,1,3861.0,0,Thẻ Bạc (Silver)
15197,11,3,656.44,0,Thẻ Bạc (Silver)
15198,92,2,193.64,1,Không Thẻ / Hạng Chuẩn
15199,59,4,1268.7,0,Thẻ Bạc (Silver)
15201,87,5,927.84,0,Thẻ Bạc (Silver)
15203,26,6,1827.8,0,Thẻ Bạc (Silver)
15204,357,1,316.58,1,Không Thẻ / Hạng Chuẩn
15205,85,2,648.83,0,Thẻ Bạc (Silver)
15206,10,4,420.3,0,Thẻ Bạc (Silver)
15208,1,5,867.62,2,Thẻ Vàng - Kim Cương (Gold)
15210,225,1,331.18,1,Không Thẻ / Hạng Chuẩn
15211,60,2,894.41,0,Thẻ Bạc (Silver)
15212,241,1,88.95,1,Không Thẻ / Hạng Chuẩn
15213,319,2,325.05,1,Không Thẻ / Hạng Chuẩn
15214,2,8,1661.44,2,Thẻ Vàng - Kim Cương (Gold)
15215,47,3,615.99,0,Thẻ Bạc (Silver)
15216,88,1,96.6,1,Không Thẻ / Hạng Chuẩn
15218,11,11,5756.89,2,Thẻ Vàng - Kim Cương (Gold)
15219,176,1,305.75,1,Không Thẻ / Hạng Chuẩn
15220,52,6,1758.92,0,Thẻ Bạc (Silver)
15221,366,1,114.1,1,Không Thẻ / Hạng Chuẩn
15222,319,1,585.0,1,Không Thẻ / Hạng Chuẩn
15223,226,2,454.9,1,Không Thẻ / Hạng Chuẩn
15224,358,2,310.48,1,Không Thẻ / Hạng Chuẩn
15225,234,1,409.4,1,Không Thẻ / Hạng Chuẩn
15226,311,1,154.41,1,Không Thẻ / Hạng Chuẩn
15227,37,5,1219.4,0,Thẻ Bạc (Silver)
15228,66,4,3376.96,0,Thẻ Bạc (Silver)
15230,239,2,429.6,1,Không Thẻ / Hạng Chuẩn
15232,113,2,612.06,1,Không Thẻ / Hạng Chuẩn
15234,277,1,197.0,1,Không Thẻ / Hạng Chuẩn
15235,218,12,2247.51,0,Thẻ Bạc (Silver)
15236,299,1,321.05,1,Không Thẻ / Hạng Chuẩn
15237,2,4,1412.32,2,Thẻ Vàng - Kim Cương (Gold)
15238,29,3,1056.54,0,Thẻ Bạc (Silver)
15239,10,2,764.34,0,Thẻ Bạc (Silver)
15240,45,5,1685.57,0,Thẻ Bạc (Silver)
15241,67,8,1738.59,0,Thẻ Bạc (Silver)
15243,74,1,316.68,1,Không Thẻ / Hạng Chuẩn
15244,65,2,631.57,0,Thẻ Bạc (Silver)
15245,134,3,2515.84,0,Thẻ Bạc (Silver)
15246,238,2,514.15,1,Không Thẻ / Hạng Chuẩn
15247,122,1,356.0,1,Không Thẻ / Hạng Chuẩn
15249,32,13,6657.36,2,Thẻ Vàng - Kim Cương (Gold)
15251,9,11,10327.11,2,Thẻ Vàng - Kim Cương (Gold)
15252,36,2,740.78,0,Thẻ Bạc (Silver)
15253,16,5,915.3,0,Thẻ Bạc (Silver)
15254,127,1,300.36,1,Không Thẻ / Hạng Chuẩn
15255,67,1,890.85,1,Không Thẻ / Hạng Chuẩn
15256,149,1,98.45,1,Không Thẻ / Hạng Chuẩn
15257,283,1,232.15,1,Không Thẻ / Hạng Chuẩn
15258,169,2,623.16,1,Không Thẻ / Hạng Chuẩn
15260,100,7,1780.77,0,Thẻ Bạc (Silver)
15261,135,1,254.82,1,Không Thẻ / Hạng Chuẩn
15262,324,1,178.95,1,Không Thẻ / Hạng Chuẩn
15263,107,1,156.51,1,Không Thẻ / Hạng Chuẩn
15264,64,1,393.74,1,Không Thẻ / Hạng Chuẩn
15265,151,2,1506.12,0,Thẻ Bạc (Silver)
15266,338,1,119.3,1,Không Thẻ / Hạng Chuẩn
15267,22,5,1717.36,0,Thẻ Bạc (Silver)
15269,24,1,408.8,1,Không Thẻ / Hạng Chuẩn
15270,16,7,2298.2,2,Thẻ Vàng - Kim Cương (Gold)
15271,7,15,2472.09,2,Thẻ Vàng - Kim Cương (Gold)
15272,57,2,721.94,0,Thẻ Bạc (Silver)
15274,4,2,716.57,0,Thẻ Bạc (Silver)
15275,38,1,609.19,1,Không Thẻ / Hạng Chuẩn
15276,66,1,128.63,1,Không Thẻ / Hạng Chuẩn
15277,47,1,255.9,1,Không Thẻ / Hạng Chuẩn
15279,355,1,277.41,1,Không Thẻ / Hạng Chuẩn
15280,172,1,113.12,1,Không Thẻ / Hạng Chuẩn
15281,59,9,2239.95,0,Thẻ Bạc (Silver)
15286,50,1,240.55,1,Không Thẻ / Hạng Chuẩn
15287,22,2,485.24,0,Thẻ Bạc (Silver)
15288,43,5,2306.52,0,Thẻ Bạc (Silver)
15289,29,3,935.1,0,Thẻ Bạc (Silver)
15290,5,18,7803.77,2,Thẻ Vàng - Kim Cương (Gold)
15291,26,15,4596.51,2,Thẻ Vàng - Kim Cương (Gold)
15292,201,1,178.39,1,Không Thẻ / Hạng Chuẩn
15296,51,6,3610.31,0,Thẻ Bạc (Silver)
15297,10,3,635.04,0,Thẻ Bạc (Silver)
15298,2,12,3774.1,2,Thẻ Vàng - Kim Cương (Gold)
15299,67,7,3787.09,0,Thẻ Bạc (Silver)
15300,64,1,496.44,1,Không Thẻ / Hạng Chuẩn
15301,51,12,5007.72,2,Thẻ Vàng - Kim Cương (Gold)
15303,290,1,574.02,1,Không Thẻ / Hạng Chuẩn
15304,61,8,680.3,0,Thẻ Bạc (Silver)
15306,64,3,1174.35,0,Thẻ Bạc (Silver)
15307,96,1,205.3,1,Không Thẻ / Hạng Chuẩn
15308,274,1,302.27,1,Không Thẻ / Hạng Chuẩn
15311,1,91,59284.19,2,Thẻ Vàng - Kim Cương (Gold)
15312,75,4,921.1,0,Thẻ Bạc (Silver)
15313,110,1,52.0,1,Không Thẻ / Hạng Chuẩn
15314,199,1,327.97,1,Không Thẻ / Hạng Chuẩn
15315,64,2,551.54,0,Thẻ Bạc (Silver)
15316,327,1,165.0,1,Không Thẻ / Hạng Chuẩn
15318,4,1,312.62,0,Thẻ Bạc (Silver)
15319,284,1,204.5,1,Không Thẻ / Hạng Chuẩn
15320,44,1,267.13,1,Không Thẻ / Hạng Chuẩn
15321,71,3,2663.48,0,Thẻ Bạc (Silver)
15322,86,1,602.97,1,Không Thẻ / Hạng Chuẩn
15325,104,1,161.74,1,Không Thẻ / Hạng Chuẩn
15326,334,1,311.71,1,Không Thẻ / Hạng Chuẩn
15327,53,1,208.75,1,Không Thẻ / Hạng Chuẩn
15329,39,3,1005.5,0,Thẻ Bạc (Silver)
15330,32,2,714.96,0,Thẻ Bạc (Silver)
15332,366,4,1661.06,0,Thẻ Bạc (Silver)
15333,208,1,1028.56,1,Không Thẻ / Hạng Chuẩn
15334,157,3,350.82,1,Không Thẻ / Hạng Chuẩn
15335,54,1,170.22,1,Không Thẻ / Hạng Chuẩn
15339,66,2,557.57,0,Thẻ Bạc (Silver)
15341,81,1,2020.52,0,Thẻ Bạc (Silver)
15342,130,1,391.76,1,Không Thẻ / Hạng Chuẩn
15343,87,1,364.5,1,Không Thẻ / Hạng Chuẩn
15344,1,3,476.58,0,Thẻ Bạc (Silver)
15345,46,1,367.69,1,Không Thẻ / Hạng Chuẩn
15346,333,1,252.42,1,Không Thẻ / Hạng Chuẩn
15347,366,1,201.6,1,Không Thẻ / Hạng Chuẩn
15348,72,1,158.04,1,Không Thẻ / Hạng Chuẩn
15349,158,2,463.91,1,Không Thẻ / Hạng Chuẩn
15350,373,1,115.65,1,Không Thẻ / Hạng Chuẩn
15351,12,7,1836.69,2,Thẻ Vàng - Kim Cương (Gold)
15353,255,2,770.12,1,Không Thẻ / Hạng Chuẩn
15355,29,2,277.05,1,Không Thẻ / Hạng Chuẩn
15356,31,10,2718.03,2,Thẻ Vàng - Kim Cương (Gold)
15358,5,22,8235.65,2,Thẻ Vàng - Kim Cương (Gold)
15360,40,1,427.93,1,Không Thẻ / Hạng Chuẩn
15361,362,1,418.92,1,Không Thẻ / Hạng Chuẩn
15363,373,1,318.05,1,Không Thẻ / Hạng Chuẩn
15364,96,2,913.19,0,Thẻ Bạc (Silver)
15365,26,7,1330.45,0,Thẻ Bạc (Silver)
15366,75,2,602.51,0,Thẻ Bạc (Silver)
15367,57,4,1867.69,0,Thẻ Bạc (Silver)
15368,21,1,446.94,1,Không Thẻ / Hạng Chuẩn
15370,41,7,2360.55,0,Thẻ Bạc (Silver)
15372,137,1,2007.4,1,Không Thẻ / Hạng Chuẩn
15373,8,12,2213.11,2,Thẻ Vàng - Kim Cương (Gold)
15374,129,1,168.0,1,Không Thẻ / Hạng Chuẩn
15376,40,3,1221.56,0,Thẻ Bạc (Silver)
15379,169,7,3631.89,0,Thẻ Bạc (Silver)
15380,9,5,1682.36,2,Thẻ Vàng - Kim Cương (Gold)
15381,214,2,596.85,1,Không Thẻ / Hạng Chuẩn
15382,15,6,5927.86,2,Thẻ Vàng - Kim Cương (Gold)
15384,170,2,635.76,1,Không Thẻ / Hạng Chuẩn
15385,40,1,316.88,1,Không Thẻ / Hạng Chuẩn
15386,186,1,394.14,1,Không Thẻ / Hạng Chuẩn
15388,270,1,140.54,1,Không Thẻ / Hạng Chuẩn
15389,172,1,500.0,1,Không Thẻ / Hạng Chuẩn
15392,5,4,1515.73,2,Thẻ Vàng - Kim Cương (Gold)
15393,16,2,231.86,0,Thẻ Bạc (Silver)
15394,10,4,2183.54,0,Thẻ Bạc (Silver)
15395,326,1,107.45,1,Không Thẻ / Hạng Chuẩn
15396,113,1,288.18,1,Không Thẻ / Hạng Chuẩn
15397,290,1,94.0,1,Không Thẻ / Hạng Chuẩn
15398,16,2,1339.63,0,Thẻ Bạc (Silver)
15399,1,3,815.77,2,Thẻ Vàng - Kim Cương (Gold)
15400,92,5,666.7,0,Thẻ Bạc (Silver)
15402,149,2,626.77,1,Không Thẻ / Hạng Chuẩn
15405,189,1,349.1,1,Không Thẻ / Hạng Chuẩn
15406,31,2,426.61,0,Thẻ Bạc (Silver)
15407,34,4,1046.74,0,Thẻ Bạc (Silver)
15408,264,1,267.18,1,Không Thẻ / Hạng Chuẩn
15410,84,8,3450.84,0,Thẻ Bạc (Silver)
15411,26,4,1336.43,0,Thẻ Bạc (Silver)
15412,171,1,190.53,1,Không Thẻ / Hạng Chuẩn
15414,10,3,774.9,0,Thẻ Bạc (Silver)
15415,313,1,559.61,1,Không Thẻ / Hạng Chuẩn
15416,65,4,3974.37,0,Thẻ Bạc (Silver)
15417,85,1,508.8,1,Không Thẻ / Hạng Chuẩn
15419,25,1,135.86,1,Không Thẻ / Hạng Chuẩn
15421,59,4,950.36,0,Thẻ Bạc (Silver)
15422,323,2,97.7,1,Không Thẻ / Hạng Chuẩn
15423,38,1,43.5,1,Không Thẻ / Hạng Chuẩn
15424,254,2,383.34,1,Không Thẻ / Hạng Chuẩn
15426,19,5,1386.58,0,Thẻ Bạc (Silver)
15427,33,3,1430.54,0,Thẻ Bạc (Silver)
15428,15,1,93.78,1,Không Thẻ / Hạng Chuẩn
15429,27,2,364.9,0,Thẻ Bạc (Silver)
15432,23,1,171.19,1,Không Thẻ / Hạng Chuẩn
15433,214,2,417.87,1,Không Thẻ / Hạng Chuẩn
15434,8,5,997.48,0,Thẻ Bạc (Silver)
15435,22,1,149.29,1,Không Thẻ / Hạng Chuẩn
15436,12,3,1067.75,0,Thẻ Bạc (Silver)
15437,262,1,200.16,1,Không Thẻ / Hạng Chuẩn
15438,131,1,156.58,1,Không Thẻ / Hạng Chuẩn
15440,55,3,383.68,0,Thẻ Bạc (Silver)
15442,249,1,594.0,1,Không Thẻ / Hạng Chuẩn
15443,2,7,3188.84,2,Thẻ Vàng - Kim Cương (Gold)
15444,9,2,1411.21,0,Thẻ Bạc (Silver)
15445,264,1,113.5,1,Không Thẻ / Hạng Chuẩn
15447,331,1,155.17,1,Không Thẻ / Hạng Chuẩn
15448,313,1,494.64,1,Không Thẻ / Hạng Chuẩn
15449,26,3,971.22,0,Thẻ Bạc (Silver)
15450,30,1,429.84,1,Không Thẻ / Hạng Chuẩn
15452,30,3,528.48,0,Thẻ Bạc (Silver)
15453,2,7,1371.77,2,Thẻ Vàng - Kim Cương (Gold)
15454,362,1,179.1,1,Không Thẻ / Hạng Chuẩn
15456,283,3,434.59,1,Không Thẻ / Hạng Chuẩn
15457,262,1,237.07,1,Không Thẻ / Hạng Chuẩn
15458,25,1,161.64,1,Không Thẻ / Hạng Chuẩn
15460,354,1,214.26,1,Không Thẻ / Hạng Chuẩn
15462,94,3,234.6,1,Không Thẻ / Hạng Chuẩn
15463,29,1,126.14,1,Không Thẻ / Hạng Chuẩn
15464,338,1,1044.65,1,Không Thẻ / Hạng Chuẩn
15465,20,18,6945.02,2,Thẻ Vàng - Kim Cương (Gold)
15466,85,1,334.53,1,Không Thẻ / Hạng Chuẩn
15467,9,3,511.88,0,Thẻ Bạc (Silver)
15468,51,2,438.46,0,Thẻ Bạc (Silver)
15469,50,2,504.5,0,Thẻ Bạc (Silver)
15471,2,1,454.48,0,Thẻ Bạc (Silver)
15472,113,1,371.56,1,Không Thẻ / Hạng Chuẩn
15473,14,7,1465.2,2,Thẻ Vàng - Kim Cương (Gold)
15475,77,1,454.11,1,Không Thẻ / Hạng Chuẩn
15478,40,2,1399.92,0,Thẻ Bạc (Silver)
15480,116,1,905.5,1,Không Thẻ / Hạng Chuẩn
15482,16,12,6393.52,2,Thẻ Vàng - Kim Cương (Gold)
15483,161,4,225.26,1,Không Thẻ / Hạng Chuẩn
15484,1,4,3559.21,2,Thẻ Vàng - Kim Cương (Gold)
15485,30,3,2564.5,0,Thẻ Bạc (Silver)
15488,93,1,91.32,1,Không Thẻ / Hạng Chuẩn
15489,23,3,1090.03,0,Thẻ Bạc (Silver)
15491,95,6,3090.85,0,Thẻ Bạc (Silver)
15492,28,2,659.46,0,Thẻ Bạc (Silver)
15493,33,5,1918.86,0,Thẻ Bạc (Silver)
15494,21,2,1280.58,0,Thẻ Bạc (Silver)
15497,18,2,1259.7,0,Thẻ Bạc (Silver)
15498,3,27,12396.46,2,Thẻ Vàng - Kim Cương (Gold)
15500,8,4,1131.56,0,Thẻ Bạc (Silver)
15502,16,12,5541.46,2,Thẻ Vàng - Kim Cương (Gold)
15503,363,1,141.04,1,Không Thẻ / Hạng Chuẩn
15504,81,1,52.83,1,Không Thẻ / Hạng Chuẩn
15505,53,5,3497.14,0,Thẻ Bạc (Silver)
15506,23,3,972.08,0,Thẻ Bạc (Silver)
15507,172,1,475.86,1,Không Thẻ / Hạng Chuẩn
15508,189,6,1000.27,0,Thẻ Bạc (Silver)
15510,331,1,250.0,1,Không Thẻ / Hạng Chuẩn
15511,12,5,900.53,0,Thẻ Bạc (Silver)
15512,156,2,121.0,1,Không Thẻ / Hạng Chuẩn
15513,33,19,14520.08,2,Thẻ Vàng - Kim Cương (Gold)
15514,12,11,2907.45,2,Thẻ Vàng - Kim Cương (Gold)
15516,45,3,62.43,1,Không Thẻ / Hạng Chuẩn
15517,233,1,267.03,1,Không Thẻ / Hạng Chuẩn
15518,64,8,1890.99,0,Thẻ Bạc (Silver)
15520,2,1,343.5,0,Thẻ Bạc (Silver)
15521,40,8,2574.65,2,Thẻ Vàng - Kim Cương (Gold)
15522,33,2,397.99,0,Thẻ Bạc (Silver)
15523,84,1,412.01,1,Không Thẻ / Hạng Chuẩn
15524,25,1,440.0,1,Không Thẻ / Hạng Chuẩn
15525,2,3,719.47,0,Thẻ Bạc (Silver)
15526,33,2,148.44,1,Không Thẻ / Hạng Chuẩn
15527,19,8,2347.57,2,Thẻ Vàng - Kim Cương (Gold)
15528,254,1,229.33,1,Không Thẻ / Hạng Chuẩn
15529,23,11,3935.15,2,Thẻ Vàng - Kim Cương (Gold)
15530,22,4,1497.31,0,Thẻ Bạc (Silver)
15531,8,2,1972.39,0,Thẻ Bạc (Silver)
15532,25,4,1500.88,0,Thẻ Bạc (Silver)
15533,19,3,746.92,0,Thẻ Bạc (Silver)
15535,173,4,426.4,0,Thẻ Bạc (Silver)
15537,163,1,110.92,1,Không Thẻ / Hạng Chuẩn
15539,7,1,538.46,0,Thẻ Bạc (Silver)
15540,11,1,213.3,1,Không Thẻ / Hạng Chuẩn
15541,114,1,85.13,1,Không Thẻ / Hạng Chuẩn
15543,288,1,127.86,1,Không Thẻ / Hạng Chuẩn
15544,9,9,3542.51,2,Thẻ Vàng - Kim Cương (Gold)
15545,54,2,288.97,1,Không Thẻ / Hạng Chuẩn
15547,7,14,4910.6,2,Thẻ Vàng - Kim Cương (Gold)
15549,77,3,1643.96,0,Thẻ Bạc (Silver)
15550,4,4,575.63,0,Thẻ Bạc (Silver)
15551,37,1,436.06,1,Không Thẻ / Hạng Chuẩn
15552,217,1,90.12,1,Không Thẻ / Hạng Chuẩn
15553,60,1,428.93,1,Không Thẻ / Hạng Chuẩn
15554,278,1,217.2,1,Không Thẻ / Hạng Chuẩn
15555,12,16,4747.89,2,Thẻ Vàng - Kim Cương (Gold)
15556,24,1,279.77,1,Không Thẻ / Hạng Chuẩn
15557,29,1,468.91,1,Không Thẻ / Hạng Chuẩn
15561,12,4,722.74,0,Thẻ Bạc (Silver)
15562,352,1,134.55,1,Không Thẻ / Hạng Chuẩn
15563,22,4,1319.69,0,Thẻ Bạc (Silver)
15565,50,2,173.16,1,Không Thẻ / Hạng Chuẩn
15567,19,1,186.01,1,Không Thẻ / Hạng Chuẩn
15568,3,3,758.29,0,Thẻ Bạc (Silver)
15569,104,5,1375.71,0,Thẻ Bạc (Silver)
15570,7,12,4093.27,2,Thẻ Vàng - Kim Cương (Gold)
15571,12,4,650.43,0,Thẻ Bạc (Silver)
15572,5,7,2533.42,2,Thẻ Vàng - Kim Cương (Gold)
15573,32,2,591.19,0,Thẻ Bạc (Silver)
15574,178,4,675.64,0,Thẻ Bạc (Silver)
15576,38,1,921.37,0,Thẻ Bạc (Silver)
15577,151,3,258.88,1,Không Thẻ / Hạng Chuẩn
15578,162,1,127.1,1,Không Thẻ / Hạng Chuẩn
15579,69,2,327.6,1,Không Thẻ / Hạng Chuẩn
15581,121,13,3425.77,2,Thẻ Vàng - Kim Cương (Gold)
15582,25,3,682.91,0,Thẻ Bạc (Silver)
15584,24,4,718.36,0,Thẻ Bạc (Silver)
15585,177,1,455.3,1,Không Thẻ / Hạng Chuẩn
15587,50,4,913.68,0,Thẻ Bạc (Silver)
15589,256,3,456.58,1,Không Thẻ / Hạng Chuẩn
15592,47,1,388.58,1,Không Thẻ / Hạng Chuẩn
15593,71,1,199.8,1,Không Thẻ / Hạng Chuẩn
15594,16,5,1767.53,0,Thẻ Bạc (Silver)
15596,101,5,1343.34,0,Thẻ Bạc (Silver)
15597,35,1,315.72,1,Không Thẻ / Hạng Chuẩn
15598,53,1,235.68,1,Không Thẻ / Hạng Chuẩn
15599,27,2,761.74,0,Thẻ Bạc (Silver)
15601,11,14,6745.36,2,Thẻ Vàng - Kim Cương (Gold)
15602,8,9,1083.63,2,Thẻ Vàng - Kim Cương (Gold)
15603,79,1,48.48,1,Không Thẻ / Hạng Chuẩn
15604,52,1,216.39,1,Không Thẻ / Hạng Chuẩn
15605,36,5,1198.23,0,Thẻ Bạc (Silver)
15606,61,9,2422.64,0,Thẻ Bạc (Silver)
15607,337,1,104.76,1,Không Thẻ / Hạng Chuẩn
15608,28,4,1093.68,0,Thẻ Bạc (Silver)
15609,184,1,270.03,1,Không Thẻ / Hạng Chuẩn
15610,52,1,112.46,1,Không Thẻ / Hạng Chuẩn
15611,10,13,1568.39,2,Thẻ Vàng - Kim Cương (Gold)
15612,36,2,195.15,1,Không Thẻ / Hạng Chuẩn
15615,10,23,10360.04,2,Thẻ Vàng - Kim Cương (Gold)
15618,33,4,747.03,0,Thẻ Bạc (Silver)
15619,11,1,336.4,1,Không Thẻ / Hạng Chuẩn
15620,57,3,1524.4,0,Thẻ Bạc (Silver)
15621,4,4,1158.77,2,Thẻ Vàng - Kim Cương (Gold)
15622,43,9,3224.53,2,Thẻ Vàng - Kim Cương (Gold)
15623,141,1,301.03,1,Không Thẻ / Hạng Chuẩn
15624,117,4,588.13,0,Thẻ Bạc (Silver)
15625,104,4,1504.56,0,Thẻ Bạc (Silver)
15626,75,2,675.8,0,Thẻ Bạc (Silver)
15628,5,9,2865.64,2,Thẻ Vàng - Kim Cương (Gold)
15630,45,2,1180.4,0,Thẻ Bạc (Silver)
15632,16,8,3147.31,2,Thẻ Vàng - Kim Cương (Gold)
15634,17,1,243.55,1,Không Thẻ / Hạng Chuẩn
15636,90,2,724.76,0,Thẻ Bạc (Silver)
15637,53,1,223.36,1,Không Thẻ / Hạng Chuẩn
15639,134,1,425.32,1,Không Thẻ / Hạng Chuẩn
15640,4,15,12336.74,2,Thẻ Vàng - Kim Cương (Gold)
15641,105,4,1887.2,0,Thẻ Bạc (Silver)
15643,192,3,647.4,0,Thẻ Bạc (Silver)
15644,166,4,803.54,0,Thẻ Bạc (Silver)
15645,19,1,612.01,0,Thẻ Bạc (Silver)
15646,158,3,425.14,1,Không Thẻ / Hạng Chuẩn
15648,204,2,582.05,1,Không Thẻ / Hạng Chuẩn
15649,336,2,816.0,1,Không Thẻ / Hạng Chuẩn
15651,37,3,646.3,0,Thẻ Bạc (Silver)
15652,91,1,337.74,1,Không Thẻ / Hạng Chuẩn
15653,93,2,877.44,0,Thẻ Bạc (Silver)
15654,9,2,922.53,0,Thẻ Bạc (Silver)
15655,243,1,511.32,1,Không Thẻ / Hạng Chuẩn
15656,45,4,748.5,0,Thẻ Bạc (Silver)
15657,23,1,30.0,1,Không Thẻ / Hạng Chuẩn
15658,190,5,958.9,0,Thẻ Bạc (Silver)
15659,44,1,306.45,1,Không Thẻ / Hạng Chuẩn
15660,25,9,1552.01,2,Thẻ Vàng - Kim Cương (Gold)
15661,317,2,309.8,1,Không Thẻ / Hạng Chuẩn
15663,106,1,138.14,1,Không Thẻ / Hạng Chuẩn
15664,51,1,358.63,1,Không Thẻ / Hạng Chuẩn
15665,168,2,2222.21,0,Thẻ Bạc (Silver)
15667,40,1,301.32,1,Không Thẻ / Hạng Chuẩn
15668,218,1,76.32,1,Không Thẻ / Hạng Chuẩn
15669,40,4,677.69,0,Thẻ Bạc (Silver)
15670,297,1,173.05,1,Không Thẻ / Hạng Chuẩn
15671,19,7,2635.49,2,Thẻ Vàng - Kim Cương (Gold)
15673,88,4,2726.23,0,Thẻ Bạc (Silver)
15674,73,5,1744.02,0,Thẻ Bạc (Silver)
15675,81,3,323.69,1,Không Thẻ / Hạng Chuẩn
15676,19,3,3324.09,0,Thẻ Bạc (Silver)
15677,49,1,657.23,1,Không Thẻ / Hạng Chuẩn
15678,53,1,352.7,1,Không Thẻ / Hạng Chuẩn
15679,24,4,781.28,0,Thẻ Bạc (Silver)
15680,9,3,1333.68,0,Thẻ Bạc (Silver)
15681,25,5,946.36,0,Thẻ Bạc (Silver)
15683,117,1,193.75,1,Không Thẻ / Hạng Chuẩn
15687,9,9,2981.5,2,Thẻ Vàng - Kim Cương (Gold)
15689,120,2,254.1,1,Không Thẻ / Hạng Chuẩn
15690,4,2,239.76,0,Thẻ Bạc (Silver)
15691,252,1,136.8,1,Không Thẻ / Hạng Chuẩn
15692,28,1,191.04,1,Không Thẻ / Hạng Chuẩn
15694,1,14,6423.6,2,Thẻ Vàng - Kim Cương (Gold)
15695,267,2,409.98,1,Không Thẻ / Hạng Chuẩn
15696,33,8,2619.11,2,Thẻ Vàng - Kim Cương (Gold)
15699,18,1,309.65,1,Không Thẻ / Hạng Chuẩn
15700,172,2,664.03,1,Không Thẻ / Hạng Chuẩn
15701,2,4,1529.0,2,Thẻ Vàng - Kim Cương (Gold)
15703,265,1,211.5,1,Không Thẻ / Hạng Chuẩn
15704,140,4,2293.62,0,Thẻ Bạc (Silver)
15705,201,1,143.1,1,Không Thẻ / Hạng Chuẩn
15706,64,4,1001.81,0,Thẻ Bạc (Silver)
15707,35,4,916.98,0,Thẻ Bạc (Silver)
15708,41,7,3200.73,2,Thẻ Vàng - Kim Cương (Gold)
15709,284,1,133.25,1,Không Thẻ / Hạng Chuẩn
15712,9,5,1072.36,0,Thẻ Bạc (Silver)
15713,143,2,346.75,1,Không Thẻ / Hạng Chuẩn
15714,12,2,330.03,0,Thẻ Bạc (Silver)
15716,146,4,1101.11,0,Thẻ Bạc (Silver)
15717,234,1,150.3,1,Không Thẻ / Hạng Chuẩn
15719,33,13,5028.42,2,Thẻ Vàng - Kim Cương (Gold)
15720,24,1,598.73,1,Không Thẻ / Hạng Chuẩn
15721,12,1,471.4,0,Thẻ Bạc (Silver)
15722,36,5,2169.86,0,Thẻ Bạc (Silver)
15723,365,1,190.7,1,Không Thẻ / Hạng Chuẩn
15724,201,2,212.3,1,Không Thẻ / Hạng Chuẩn
15725,15,1,415.25,1,Không Thẻ / Hạng Chuẩn
15727,17,7,5159.06,2,Thẻ Vàng - Kim Cương (Gold)
15729,213,1,62.0,1,Không Thẻ / Hạng Chuẩn
15730,66,3,1108.38,0,Thẻ Bạc (Silver)
15732,212,2,294.12,1,Không Thẻ / Hạng Chuẩn
15733,283,1,162.3,1,Không Thẻ / Hạng Chuẩn
15734,115,2,1339.45,0,Thẻ Bạc (Silver)
15737,15,8,1121.21,2,Thẻ Vàng - Kim Cương (Gold)
15738,19,16,4788.77,2,Thẻ Vàng - Kim Cương (Gold)
15739,66,1,449.12,1,Không Thẻ / Hạng Chuẩn
15740,49,1,154.88,1,Không Thẻ / Hạng Chuẩn
15743,16,4,775.96,0,Thẻ Bạc (Silver)
15744,78,1,34.8,1,Không Thẻ / Hạng Chuẩn
15745,19,4,1071.24,0,Thẻ Bạc (Silver)
15746,134,1,182.96,1,Không Thẻ / Hạng Chuẩn
15747,13,3,946.64,0,Thẻ Bạc (Silver)
15748,40,1,144.36,1,Không Thẻ / Hạng Chuẩn
15749,235,3,21535.9,0,Thẻ Bạc (Silver)
15750,3,8,2448.8,2,Thẻ Vàng - Kim Cương (Gold)
15752,40,7,2618.15,0,Thẻ Bạc (Silver)
15753,305,1,79.2,1,Không Thẻ / Hạng Chuẩn
15754,51,3,455.67,0,Thẻ Bạc (Silver)
15755,10,6,2318.88,2,Thẻ Vàng - Kim Cương (Gold)
15756,61,4,528.01,0,Thẻ Bạc (Silver)
15757,66,2,714.42,0,Thẻ Bạc (Silver)
15758,25,1,205.25,1,Không Thẻ / Hạng Chuẩn
15759,218,3,253.04,1,Không Thẻ / Hạng Chuẩn
15762,65,2,583.75,0,Thẻ Bạc (Silver)
15763,32,2,1048.67,0,Thẻ Bạc (Silver)
15764,88,6,3245.47,0,Thẻ Bạc (Silver)
15766,64,1,315.06,1,Không Thẻ / Hạng Chuẩn
15768,116,3,581.83,0,Thẻ Bạc (Silver)
15769,7,26,51823.72,2,Thẻ Vàng - Kim Cương (Gold)
15773,6,1,635.68,0,Thẻ Bạc (Silver)
15774,69,1,270.8,1,Không Thẻ / Hạng Chuẩn
15775,245,1,104.9,1,Không Thẻ / Hạng Chuẩn
15776,133,1,241.62,1,Không Thẻ / Hạng Chuẩn
15777,241,4,1021.61,0,Thẻ Bạc (Silver)
15780,184,3,475.28,1,Không Thẻ / Hạng Chuẩn
15781,25,3,333.56,0,Thẻ Bạc (Silver)
15782,10,3,2593.94,0,Thẻ Bạc (Silver)
15783,11,1,246.3,1,Không Thẻ / Hạng Chuẩn
15785,33,5,2303.75,0,Thẻ Bạc (Silver)
15786,46,3,4821.0,0,Thẻ Bạc (Silver)
15787,26,3,933.26,0,Thẻ Bạc (Silver)
15789,358,1,351.3,1,Không Thẻ / Hạng Chuẩn
15790,10,1,218.75,1,Không Thẻ / Hạng Chuẩn
15791,44,2,1604.44,0,Thẻ Bạc (Silver)
15793,15,3,948.96,0,Thẻ Bạc (Silver)
15795,150,1,610.01,1,Không Thẻ / Hạng Chuẩn
15796,1,8,2663.66,2,Thẻ Vàng - Kim Cương (Gold)
15797,113,4,2207.4,0,Thẻ Bạc (Silver)
15799,76,3,884.14,0,Thẻ Bạc (Silver)
15800,107,2,696.89,1,Không Thẻ / Hạng Chuẩn
15801,46,3,1042.19,0,Thẻ Bạc (Silver)
15803,51,1,415.82,1,Không Thẻ / Hạng Chuẩn
15804,1,13,3848.55,2,Thẻ Vàng - Kim Cương (Gold)
15805,23,17,5411.87,2,Thẻ Vàng - Kim Cương (Gold)
15806,46,3,784.58,0,Thẻ Bạc (Silver)
15807,50,3,903.9,0,Thẻ Bạc (Silver)
15808,306,4,3641.07,0,Thẻ Bạc (Silver)
15809,36,5,399.21,0,Thẻ Bạc (Silver)
15810,79,4,1145.43,0,Thẻ Bạc (Silver)
15811,22,6,2171.32,0,Thẻ Bạc (Silver)
15812,107,5,1801.14,0,Thẻ Bạc (Silver)
15813,208,2,1303.91,0,Thẻ Bạc (Silver)
15814,17,4,1842.73,0,Thẻ Bạc (Silver)
15815,64,5,2100.6,0,Thẻ Bạc (Silver)
15819,49,4,1905.45,0,Thẻ Bạc (Silver)
15820,320,1,206.98,1,Không Thẻ / Hạng Chuẩn
15821,44,2,570.96,0,Thẻ Bạc (Silver)
15822,3,2,885.47,0,Thẻ Bạc (Silver)
15825,172,1,532.94,1,Không Thẻ / Hạng Chuẩn
15826,56,3,1649.36,0,Thẻ Bạc (Silver)
15827,73,14,1641.48,0,Thẻ Bạc (Silver)
15829,99,2,636.14,1,Không Thẻ / Hạng Chuẩn
15830,38,1,547.7,1,Không Thẻ / Hạng Chuẩn
15831,58,3,740.64,0,Thẻ Bạc (Silver)
15832,254,1,836.79,1,Không Thẻ / Hạng Chuẩn
15834,70,4,2076.3,0,Thẻ Bạc (Silver)
15835,44,4,954.09,0,Thẻ Bạc (Silver)
15836,50,1,117.47,1,Không Thẻ / Hạng Chuẩn
15837,65,1,391.98,1,Không Thẻ / Hạng Chuẩn
15838,11,19,33350.76,2,Thẻ Vàng - Kim Cương (Gold)
15839,33,3,1020.74,0,Thẻ Bạc (Silver)
15840,59,2,345.66,1,Không Thẻ / Hạng Chuẩn
15841,73,4,1209.1,0,Thẻ Bạc (Silver)
15843,304,1,118.95,1,Không Thẻ / Hạng Chuẩn
15844,46,1,130.74,1,Không Thẻ / Hạng Chuẩn
15845,18,8,3650.87,2,Thẻ Vàng - Kim Cương (Gold)
15847,38,2,389.27,0,Thẻ Bạc (Silver)
15850,19,2,234.88,0,Thẻ Bạc (Silver)
15852,187,2,160.71,1,Không Thẻ / Hạng Chuẩn
15853,52,1,110.8,1,Không Thẻ / Hạng Chuẩn
15854,4,12,2969.12,2,Thẻ Vàng - Kim Cương (Gold)
15855,137,5,712.24,0,Thẻ Bạc (Silver)
15856,4,27,15929.74,2,Thẻ Vàng - Kim Cương (Gold)
15857,19,1,297.0,1,Không Thẻ / Hạng Chuẩn
15858,16,5,1427.57,0,Thẻ Bạc (Silver)
15860,41,8,965.16,0,Thẻ Bạc (Silver)
15861,12,8,2981.92,2,Thẻ Vàng - Kim Cương (Gold)
15862,8,4,832.88,0,Thẻ Bạc (Silver)
15863,26,2,68.84,1,Không Thẻ / Hạng Chuẩn
15864,22,6,1769.78,0,Thẻ Bạc (Silver)
15865,41,3,895.13,0,Thẻ Bạc (Silver)
15866,101,1,211.89,1,Không Thẻ / Hạng Chuẩn
15867,5,15,3795.29,2,Thẻ Vàng - Kim Cương (Gold)
15869,277,2,149.64,1,Không Thẻ / Hạng Chuẩn
15870,33,1,351.44,1,Không Thẻ / Hạng Chuẩn
15872,15,2,316.25,0,Thẻ Bạc (Silver)
15874,64,7,4330.67,0,Thẻ Bạc (Silver)
15877,2,2,437.83,0,Thẻ Bạc (Silver)
15880,369,1,299.03,1,Không Thẻ / Hạng Chuẩn
15881,312,5,438.24,0,Thẻ Bạc (Silver)
15882,199,4,495.36,0,Thẻ Bạc (Silver)
15883,2,2,396.48,0,Thẻ Bạc (Silver)
15885,93,3,379.35,0,Thẻ Bạc (Silver)
15886,60,1,181.09,1,Không Thẻ / Hạng Chuẩn
15888,81,1,141.27,1,Không Thẻ / Hạng Chuẩn
15889,157,2,420.07,1,Không Thẻ / Hạng Chuẩn
15891,227,1,511.68,1,Không Thẻ / Hạng Chuẩn
15894,253,2,258.25,1,Không Thẻ / Hạng Chuẩn
15895,150,1,179.17,1,Không Thẻ / Hạng Chuẩn
15897,194,2,208.59,1,Không Thẻ / Hạng Chuẩn
15898,1,5,1379.63,2,Thẻ Vàng - Kim Cương (Gold)
15899,369,1,56.25,1,Không Thẻ / Hạng Chuẩn
15900,24,1,337.28,1,Không Thẻ / Hạng Chuẩn
15901,17,3,351.73,0,Thẻ Bạc (Silver)
15903,10,7,5126.34,2,Thẻ Vàng - Kim Cương (Gold)
15904,8,1,164.68,1,Không Thẻ / Hạng Chuẩn
15906,20,7,1521.79,0,Thẻ Bạc (Silver)
15907,4,3,882.72,0,Thẻ Bạc (Silver)
15909,174,1,191.94,1,Không Thẻ / Hạng Chuẩn
15910,1,8,1228.88,2,Thẻ Vàng - Kim Cương (Gold)
15912,178,2,264.62,1,Không Thẻ / Hạng Chuẩn
15916,16,8,1466.01,2,Thẻ Vàng - Kim Cương (Gold)
15917,248,1,123.1,1,Không Thẻ / Hạng Chuẩn
15918,191,2,334.23,1,Không Thẻ / Hạng Chuẩn
15919,20,2,525.69,0,Thẻ Bạc (Silver)
15920,154,4,167.5,1,Không Thẻ / Hạng Chuẩn
15921,173,1,323.03,1,Không Thẻ / Hạng Chuẩn
15922,373,1,363.6,1,Không Thẻ / Hạng Chuẩn
15923,373,1,127.08,1,Không Thẻ / Hạng Chuẩn
15925,194,1,207.15,1,Không Thẻ / Hạng Chuẩn
15930,67,1,426.63,1,Không Thẻ / Hạng Chuẩn
15932,4,8,2461.85,2,Thẻ Vàng - Kim Cương (Gold)
15933,21,3,1107.46,0,Thẻ Bạc (Silver)
15935,239,2,416.86,1,Không Thẻ / Hạng Chuẩn
15937,64,1,145.35,1,Không Thẻ / Hạng Chuẩn
15938,112,5,404.58,0,Thẻ Bạc (Silver)
15939,90,15,6102.26,2,Thẻ Vàng - Kim Cương (Gold)
15940,311,1,31.8,1,Không Thẻ / Hạng Chuẩn
15942,134,1,337.44,1,Không Thẻ / Hạng Chuẩn
15944,277,1,325.1,1,Không Thẻ / Hạng Chuẩn
15945,365,1,181.0,1,Không Thẻ / Hạng Chuẩn
15947,83,1,1708.24,0,Thẻ Bạc (Silver)
15948,8,2,955.24,0,Thẻ Bạc (Silver)
15949,17,2,364.72,0,Thẻ Bạc (Silver)
15950,32,4,1684.46,0,Thẻ Bạc (Silver)
15951,9,2,669.57,0,Thẻ Bạc (Silver)
15952,34,4,781.91,0,Thẻ Bạc (Silver)
15953,15,8,1632.43,2,Thẻ Vàng - Kim Cương (Gold)
15955,24,14,4389.81,2,Thẻ Vàng - Kim Cương (Gold)
15957,32,1,428.89,1,Không Thẻ / Hạng Chuẩn
15958,74,1,104.35,1,Không Thẻ / Hạng Chuẩn
15963,20,2,470.76,0,Thẻ Bạc (Silver)
15965,17,4,808.87,0,Thẻ Bạc (Silver)
15967,23,2,397.68,0,Thẻ Bạc (Silver)
15969,3,3,582.9,0,Thẻ Bạc (Silver)
15970,304,1,314.1,1,Không Thẻ / Hạng Chuẩn
15971,18,12,4199.85,2,Thẻ Vàng - Kim Cương (Gold)
15973,367,1,99.77,1,Không Thẻ / Hạng Chuẩn
15974,39,7,3429.55,2,Thẻ Vàng - Kim Cương (Gold)
15975,84,1,371.01,1,Không Thẻ / Hạng Chuẩn
15976,165,2,427.64,1,Không Thẻ / Hạng Chuẩn
15977,17,2,1054.73,0,Thẻ Bạc (Silver)
15978,77,1,1098.78,1,Không Thẻ / Hạng Chuẩn
15980,89,3,2398.86,0,Thẻ Bạc (Silver)
15981,25,8,3408.48,2,Thẻ Vàng - Kim Cương (Gold)
15983,22,4,1465.12,0,Thẻ Bạc (Silver)
15984,3,10,2759.93,2,Thẻ Vàng - Kim Cương (Gold)
15985,123,2,1037.42,0,Thẻ Bạc (Silver)
15986,30,1,168.12,1,Không Thẻ / Hạng Chuẩn
15987,12,7,1432.77,2,Thẻ Vàng - Kim Cương (Gold)
15988,19,1,156.78,1,Không Thẻ / Hạng Chuẩn
15990,44,2,792.11,0,Thẻ Bạc (Silver)
15992,4,1,41.99,1,Không Thẻ / Hạng Chuẩn
15993,9,7,2736.92,2,Thẻ Vàng - Kim Cương (Gold)
15994,55,1,414.27,1,Không Thẻ / Hạng Chuẩn
15996,88,6,1016.68,0,Thẻ Bạc (Silver)
15998,37,5,3074.42,0,Thẻ Bạc (Silver)
16000,3,3,12393.7,2,Thẻ Vàng - Kim Cương (Gold)
16003,30,5,2735.37,0,Thẻ Bạc (Silver)
16005,12,4,578.71,0,Thẻ Bạc (Silver)
16006,211,1,101.4,1,Không Thẻ / Hạng Chuẩn
16007,48,4,1693.81,0,Thẻ Bạc (Silver)
16008,24,3,478.78,0,Thẻ Bạc (Silver)
16009,22,4,972.11,0,Thẻ Bạc (Silver)
16010,246,3,392.4,1,Không Thẻ / Hạng Chuẩn
16011,8,16,3352.96,2,Thẻ Vàng - Kim Cương (Gold)
16012,35,3,1415.29,0,Thẻ Bạc (Silver)
16013,4,47,33366.25,2,Thẻ Vàng - Kim Cương (Gold)
16014,38,3,637.58,0,Thẻ Bạc (Silver)
16015,4,3,689.7,0,Thẻ Bạc (Silver)
16016,3,8,1440.06,2,Thẻ Vàng - Kim Cương (Gold)
16017,47,1,211.88,1,Không Thẻ / Hạng Chuẩn
16018,39,2,408.9,0,Thẻ Bạc (Silver)
16019,47,9,3450.24,2,Thẻ Vàng - Kim Cương (Gold)
16020,17,3,851.01,0,Thẻ Bạc (Silver)
16022,260,1,602.63,1,Không Thẻ / Hạng Chuẩn
16023,46,3,719.81,0,Thẻ Bạc (Silver)
16024,12,1,251.03,1,Không Thẻ / Hạng Chuẩn
16025,30,1,439.66,1,Không Thẻ / Hạng Chuẩn
16026,43,1,236.09,1,Không Thẻ / Hạng Chuẩn
16027,92,6,852.12,0,Thẻ Bạc (Silver)
16029,39,63,53168.69,2,Thẻ Vàng - Kim Cương (Gold)
16030,310,1,331.24,1,Không Thẻ / Hạng Chuẩn
16031,92,2,547.9,1,Không Thẻ / Hạng Chuẩn
16033,6,20,8690.03,2,Thẻ Vàng - Kim Cương (Gold)
16034,196,3,437.7,1,Không Thẻ / Hạng Chuẩn
16036,87,2,758.92,0,Thẻ Bạc (Silver)
16037,270,3,855.02,0,Thẻ Bạc (Silver)
16038,8,3,454.33,0,Thẻ Bạc (Silver)
16040,65,3,1313.55,0,Thẻ Bạc (Silver)
16041,31,3,3166.4,0,Thẻ Bạc (Silver)
16042,22,5,1127.57,0,Thẻ Bạc (Silver)
16043,38,4,773.99,0,Thẻ Bạc (Silver)
16045,120,4,1340.7,0,Thẻ Bạc (Silver)
16048,373,2,243.69,1,Không Thẻ / Hạng Chuẩn
16049,40,3,1074.81,0,Thẻ Bạc (Silver)
16050,174,1,137.9,1,Không Thẻ / Hạng Chuẩn
16052,54,1,362.06,1,Không Thẻ / Hạng Chuẩn
16053,33,2,1511.95,0,Thẻ Bạc (Silver)
16054,145,1,783.9,1,Không Thẻ / Hạng Chuẩn
16055,221,1,134.8,1,Không Thẻ / Hạng Chuẩn
16056,45,1,650.75,1,Không Thẻ / Hạng Chuẩn
16057,16,7,2140.22,2,Thẻ Vàng - Kim Cương (Gold)
16059,66,6,1453.16,0,Thẻ Bạc (Silver)
16062,10,4,1153.62,0,Thẻ Bạc (Silver)
16063,260,1,335.32,1,Không Thẻ / Hạng Chuẩn
16065,365,1,367.14,1,Không Thẻ / Hạng Chuẩn
16066,17,5,1521.04,0,Thẻ Bạc (Silver)
16070,22,2,852.15,0,Thẻ Bạc (Silver)
16071,45,1,326.24,1,Không Thẻ / Hạng Chuẩn
16072,288,1,584.32,1,Không Thẻ / Hạng Chuẩn
16073,297,1,94.35,1,Không Thẻ / Hạng Chuẩn
16076,3,10,2173.53,2,Thẻ Vàng - Kim Cương (Gold)
16078,284,1,79.2,1,Không Thẻ / Hạng Chuẩn
16079,17,3,1352.0,0,Thẻ Bạc (Silver)
16080,82,2,176.6,1,Không Thẻ / Hạng Chuẩn
16081,56,5,2799.42,0,Thẻ Bạc (Silver)
16083,101,2,1317.62,0,Thẻ Bạc (Silver)
16084,299,1,436.18,1,Không Thẻ / Hạng Chuẩn
16085,23,5,981.51,0,Thẻ Bạc (Silver)
16086,59,5,1119.31,0,Thẻ Bạc (Silver)
16091,155,2,315.06,1,Không Thẻ / Hạng Chuẩn
16092,115,3,779.36,0,Thẻ Bạc (Silver)
16093,107,1,17.0,1,Không Thẻ / Hạng Chuẩn
16094,12,4,1041.83,0,Thẻ Bạc (Silver)
16096,264,1,320.62,1,Không Thẻ / Hạng Chuẩn
16097,240,1,185.05,1,Không Thẻ / Hạng Chuẩn
16098,88,7,2005.63,0,Thẻ Bạc (Silver)
16099,50,3,731.9,0,Thẻ Bạc (Silver)
16101,71,1,1245.96,1,Không Thẻ / Hạng Chuẩn
16102,42,3,1842.14,0,Thẻ Bạc (Silver)
16103,7,6,1429.64,2,Thẻ Vàng - Kim Cương (Gold)
16104,62,1,298.21,1,Không Thẻ / Hạng Chuẩn
16105,249,1,336.96,1,Không Thẻ / Hạng Chuẩn
16106,66,1,108.38,1,Không Thẻ / Hạng Chuẩn
16107,18,7,3204.16,2,Thẻ Vàng - Kim Cương (Gold)
16108,85,1,816.1,1,Không Thẻ / Hạng Chuẩn
16109,219,2,611.88,1,Không Thẻ / Hạng Chuẩn
16110,45,3,1320.95,0,Thẻ Bạc (Silver)
16112,143,4,195.74,1,Không Thẻ / Hạng Chuẩn
16113,183,1,161.38,1,Không Thẻ / Hạng Chuẩn
16114,171,1,135.75,1,Không Thẻ / Hạng Chuẩn
16115,10,8,1660.88,2,Thẻ Vàng - Kim Cương (Gold)
16116,212,1,592.88,1,Không Thẻ / Hạng Chuẩn
16117,190,1,232.21,1,Không Thẻ / Hạng Chuẩn
16119,8,2,423.36,0,Thẻ Bạc (Silver)
16120,59,4,1294.14,0,Thẻ Bạc (Silver)
16121,57,2,854.66,0,Thẻ Bạc (Silver)
16122,73,4,684.42,0,Thẻ Bạc (Silver)
16123,52,1,307.78,1,Không Thẻ / Hạng Chuẩn
16124,317,1,187.15,1,Không Thẻ / Hạng Chuẩn
16125,367,1,289.35,1,Không Thẻ / Hạng Chuẩn
16126,29,4,6287.77,2,Thẻ Vàng - Kim Cương (Gold)
16127,39,1,656.25,1,Không Thẻ / Hạng Chuẩn
16128,18,5,1880.22,0,Thẻ Bạc (Silver)
16131,52,6,3506.54,0,Thẻ Bạc (Silver)
16133,4,33,14305.66,2,Thẻ Vàng - Kim Cương (Gold)
16134,22,2,603.69,0,Thẻ Bạc (Silver)
16135,263,1,517.55,1,Không Thẻ / Hạng Chuẩn
16136,60,3,709.38,0,Thẻ Bạc (Silver)
16139,19,3,635.41,0,Thẻ Bạc (Silver)
16140,66,2,703.77,0,Thẻ Bạc (Silver)
16141,88,1,620.4,1,Không Thẻ / Hạng Chuẩn
16142,250,1,535.34,1,Không Thẻ / Hạng Chuẩn
16143,3,6,2419.84,2,Thẻ Vàng - Kim Cương (Gold)
16144,247,1,175.2,1,Không Thẻ / Hạng Chuẩn
16145,9,11,3741.98,2,Thẻ Vàng - Kim Cương (Gold)
16146,157,3,734.13,0,Thẻ Bạc (Silver)
16147,134,1,375.0,1,Không Thẻ / Hạng Chuẩn
16148,296,1,76.32,1,Không Thẻ / Hạng Chuẩn
16149,5,2,280.52,0,Thẻ Bạc (Silver)
16150,43,5,1906.07,0,Thẻ Bạc (Silver)
16152,269,1,1829.04,1,Không Thẻ / Hạng Chuẩn
16153,50,5,1824.23,0,Thẻ Bạc (Silver)
16156,9,9,2994.62,2,Thẻ Vàng - Kim Cương (Gold)
16157,16,3,644.24,0,Thẻ Bạc (Silver)
16159,282,1,348.2,1,Không Thẻ / Hạng Chuẩn
16160,65,2,1009.45,0,Thẻ Bạc (Silver)
16161,2,19,5311.08,2,Thẻ Vàng - Kim Cương (Gold)
16162,252,1,37.4,1,Không Thẻ / Hạng Chuẩn
16163,232,2,441.6,1,Không Thẻ / Hạng Chuẩn
16164,17,3,802.53,0,Thẻ Bạc (Silver)
16168,11,27,3770.6,2,Thẻ Vàng - Kim Cương (Gold)
16169,8,4,1822.97,0,Thẻ Bạc (Silver)
16170,51,6,1880.42,0,Thẻ Bạc (Silver)
16171,59,1,73.2,1,Không Thẻ / Hạng Chuẩn
16172,95,5,1140.21,0,Thẻ Bạc (Silver)
16173,16,6,1406.57,0,Thẻ Bạc (Silver)
16174,126,3,1009.55,0,Thẻ Bạc (Silver)
16175,94,4,1037.59,0,Thẻ Bạc (Silver)
16177,50,1,331.95,1,Không Thẻ / Hạng Chuẩn
16178,138,1,197.9,1,Không Thẻ / Hạng Chuẩn
16179,61,1,215.83,1,Không Thẻ / Hạng Chuẩn
16180,100,8,10217.48,2,Thẻ Vàng - Kim Cương (Gold)
16181,73,1,305.54,1,Không Thẻ / Hạng Chuẩn
16182,72,4,6617.65,0,Thẻ Bạc (Silver)
16183,67,1,338.71,1,Không Thẻ / Hạng Chuẩn
16184,64,6,1155.54,0,Thẻ Bạc (Silver)
16185,17,2,529.41,0,Thẻ Bạc (Silver)
16186,23,12,3991.94,2,Thẻ Vàng - Kim Cương (Gold)
16187,32,15,6841.24,2,Thẻ Vàng - Kim Cương (Gold)
16188,45,4,981.86,0,Thẻ Bạc (Silver)
16189,16,2,215.48,0,Thẻ Bạc (Silver)
16190,40,1,215.08,1,Không Thẻ / Hạng Chuẩn
16191,3,13,4913.32,2,Thẻ Vàng - Kim Cương (Gold)
16193,237,1,314.45,1,Không Thẻ / Hạng Chuẩn
16198,75,1,400.68,1,Không Thẻ / Hạng Chuẩn
16200,4,2,1068.87,0,Thẻ Bạc (Silver)
16201,3,4,1821.52,2,Thẻ Vàng - Kim Cương (Gold)
16202,361,1,365.27,1,Không Thẻ / Hạng Chuẩn
16203,59,4,589.15,0,Thẻ Bạc (Silver)
16204,23,1,384.18,1,Không Thẻ / Hạng Chuẩn
16205,31,4,757.63,0,Thẻ Bạc (Silver)
16206,55,4,537.06,0,Thẻ Bạc (Silver)
16207,25,1,394.38,1,Không Thẻ / Hạng Chuẩn
16208,45,2,664.26,0,Thẻ Bạc (Silver)
16209,89,5,2262.62,0,Thẻ Bạc (Silver)
16210,2,18,21086.3,2,Thẻ Vàng - Kim Cương (Gold)
16211,89,1,542.77,1,Không Thẻ / Hạng Chuẩn
16212,19,2,681.19,0,Thẻ Bạc (Silver)
16213,79,1,159.0,1,Không Thẻ / Hạng Chuẩn
16214,171,3,1062.75,0,Thẻ Bạc (Silver)
16215,81,1,242.35,1,Không Thẻ / Hạng Chuẩn
16216,267,1,914.93,1,Không Thẻ / Hạng Chuẩn
16217,235,2,259.39,1,Không Thẻ / Hạng Chuẩn
16218,30,7,3054.87,2,Thẻ Vàng - Kim Cương (Gold)
16221,37,3,860.86,0,Thẻ Bạc (Silver)
16222,318,1,773.55,1,Không Thẻ / Hạng Chuẩn
16224,57,4,1295.3,0,Thẻ Bạc (Silver)
16225,45,5,1096.32,0,Thẻ Bạc (Silver)
16226,203,3,255.12,1,Không Thẻ / Hạng Chuẩn
16227,225,1,308.32,1,Không Thẻ / Hạng Chuẩn
16229,87,2,1010.6,0,Thẻ Bạc (Silver)
16230,190,2,542.03,1,Không Thẻ / Hạng Chuẩn
16232,44,4,983.23,0,Thẻ Bạc (Silver)
16233,71,3,422.13,0,Thẻ Bạc (Silver)
16235,41,5,858.41,0,Thẻ Bạc (Silver)
16236,78,1,432.2,1,Không Thẻ / Hạng Chuẩn
16239,57,2,372.9,1,Không Thẻ / Hạng Chuẩn
16240,24,2,3693.81,0,Thẻ Bạc (Silver)
16241,10,13,2590.31,2,Thẻ Vàng - Kim Cương (Gold)
16242,8,7,3574.91,2,Thẻ Vàng - Kim Cương (Gold)
16243,34,2,409.1,0,Thẻ Bạc (Silver)
16244,212,2,1522.75,0,Thẻ Bạc (Silver)
16245,24,3,1352.36,0,Thẻ Bạc (Silver)
16247,170,1,114.56,1,Không Thẻ / Hạng Chuẩn
16248,62,1,152.94,1,Không Thẻ / Hạng Chuẩn
16249,53,5,1800.07,0,Thẻ Bạc (Silver)
16250,261,2,389.44,1,Không Thẻ / Hạng Chuẩn
16253,67,2,3665.62,0,Thẻ Bạc (Silver)
16255,17,8,2609.3,2,Thẻ Vàng - Kim Cương (Gold)
16256,267,1,732.63,1,Không Thẻ / Hạng Chuẩn
16257,177,1,46.95,1,Không Thẻ / Hạng Chuẩn
16258,45,5,5203.51,0,Thẻ Bạc (Silver)
16260,51,1,1035.45,1,Không Thẻ / Hạng Chuẩn
16261,17,4,728.54,0,Thẻ Bạc (Silver)
16265,9,9,5423.15,2,Thẻ Vàng - Kim Cương (Gold)
16266,74,7,861.89,0,Thẻ Bạc (Silver)
16268,71,2,667.65,0,Thẻ Bạc (Silver)
16270,353,1,1141.24,1,Không Thẻ / Hạng Chuẩn
16271,3,5,1398.69,2,Thẻ Vàng - Kim Cương (Gold)
16272,117,1,411.7,1,Không Thẻ / Hạng Chuẩn
16274,373,1,351.75,1,Không Thẻ / Hạng Chuẩn
16275,197,1,559.87,1,Không Thẻ / Hạng Chuẩn
16276,177,1,810.6,1,Không Thẻ / Hạng Chuẩn
16278,100,1,537.83,1,Không Thẻ / Hạng Chuẩn
16279,21,3,1489.88,0,Thẻ Bạc (Silver)
16281,72,1,2062.06,0,Thẻ Bạc (Silver)
16282,340,1,168.3,1,Không Thẻ / Hạng Chuẩn
16283,6,5,1531.51,2,Thẻ Vàng - Kim Cương (Gold)
16284,31,2,812.68,0,Thẻ Bạc (Silver)
16287,170,1,142.5,1,Không Thẻ / Hạng Chuẩn
16292,122,1,280.9,1,Không Thẻ / Hạng Chuẩn
16293,22,10,2236.74,2,Thẻ Vàng - Kim Cương (Gold)
16295,10,4,1328.55,0,Thẻ Bạc (Silver)
16297,269,1,275.4,1,Không Thẻ / Hạng Chuẩn
16298,23,3,598.2,0,Thẻ Bạc (Silver)
16302,127,1,212.82,1,Không Thẻ / Hạng Chuẩn
16303,26,3,5305.83,0,Thẻ Bạc (Silver)
16305,139,1,361.22,1,Không Thẻ / Hạng Chuẩn
16306,214,6,602.27,0,Thẻ Bạc (Silver)
16308,38,4,2560.0,0,Thẻ Bạc (Silver)
16309,106,2,686.67,1,Không Thẻ / Hạng Chuẩn
16311,18,2,616.26,0,Thẻ Bạc (Silver)
16313,3,2,274.15,0,Thẻ Bạc (Silver)
16315,331,1,226.37,1,Không Thẻ / Hạng Chuẩn
16316,64,8,2755.56,0,Thẻ Bạc (Silver)
16317,120,3,1341.65,0,Thẻ Bạc (Silver)
16318,35,1,328.15,1,Không Thẻ / Hạng Chuẩn
16319,218,1,404.4,1,Không Thẻ / Hạng Chuẩn
16320,172,2,1038.46,0,Thẻ Bạc (Silver)
16321,72,5,230.7,0,Thẻ Bạc (Silver)
16322,1,2,326.75,0,Thẻ Bạc (Silver)
16323,196,1,207.5,1,Không Thẻ / Hạng Chuẩn
16324,128,3,408.59,1,Không Thẻ / Hạng Chuẩn
16325,47,3,510.54,0,Thẻ Bạc (Silver)
16326,6,14,3014.22,2,Thẻ Vàng - Kim Cương (Gold)
16327,14,6,3820.27,2,Thẻ Vàng - Kim Cương (Gold)
16330,18,3,242.21,0,Thẻ Bạc (Silver)
16332,28,7,1572.8,0,Thẻ Bạc (Silver)
16333,8,22,26626.8,2,Thẻ Vàng - Kim Cương (Gold)
16337,37,1,151.05,1,Không Thẻ / Hạng Chuẩn
16338,157,1,214.8,1,Không Thẻ / Hạng Chuẩn
16339,284,1,94.05,1,Không Thẻ / Hạng Chuẩn
16340,107,1,534.31,1,Không Thẻ / Hạng Chuẩn
16341,25,4,1959.38,0,Thẻ Bạc (Silver)
16342,75,4,322.41,0,Thẻ Bạc (Silver)
16343,16,2,328.58,0,Thẻ Bạc (Silver)
16344,158,1,101.1,1,Không Thẻ / Hạng Chuẩn
16345,44,1,565.46,1,Không Thẻ / Hạng Chuẩn
16347,11,2,847.45,0,Thẻ Bạc (Silver)
16348,32,7,1415.65,0,Thẻ Bạc (Silver)
16349,291,1,53.5,1,Không Thẻ / Hạng Chuẩn
16350,21,4,1100.47,0,Thẻ Bạc (Silver)
16351,333,1,153.9,1,Không Thẻ / Hạng Chuẩn
16352,18,2,494.44,0,Thẻ Bạc (Silver)
16353,4,23,6675.71,2,Thẻ Vàng - Kim Cương (Gold)
16354,63,2,395.8,1,Không Thẻ / Hạng Chuẩn
16356,198,3,210.32,1,Không Thẻ / Hạng Chuẩn
16357,33,3,658.88,0,Thẻ Bạc (Silver)
16358,1,4,2024.95,2,Thẻ Vàng - Kim Cương (Gold)
16359,7,9,1460.37,2,Thẻ Vàng - Kim Cương (Gold)
16360,5,6,3349.57,2,Thẻ Vàng - Kim Cương (Gold)
16361,10,4,891.21,0,Thẻ Bạc (Silver)
16362,32,5,627.29,0,Thẻ Bạc (Silver)
16363,53,1,109.36,1,Không Thẻ / Hạng Chuẩn
16364,12,2,705.79,0,Thẻ Bạc (Silver)
16365,18,9,1540.42,2,Thẻ Vàng - Kim Cương (Gold)
16366,19,1,327.3,1,Không Thẻ / Hạng Chuẩn
16367,37,2,800.67,0,Thẻ Bạc (Silver)
16368,2,2,479.91,0,Thẻ Bạc (Silver)
16369,18,3,1545.41,0,Thẻ Bạc (Silver)
16370,82,4,1301.91,0,Thẻ Bạc (Silver)
16372,33,2,355.73,0,Thẻ Bạc (Silver)
16374,66,2,466.73,1,Không Thẻ / Hạng Chuẩn
16376,9,2,965.47,0,Thẻ Bạc (Silver)
16377,267,1,676.2,1,Không Thẻ / Hạng Chuẩn
16378,247,3,362.95,1,Không Thẻ / Hạng Chuẩn
16379,4,4,2131.9,2,Thẻ Vàng - Kim Cương (Gold)
16380,61,1,1743.15,0,Thẻ Bạc (Silver)
16383,75,2,643.76,0,Thẻ Bạc (Silver)
16384,90,2,584.5,1,Không Thẻ / Hạng Chuẩn
16385,60,3,554.86,0,Thẻ Bạc (Silver)
16386,29,2,302.57,0,Thẻ Bạc (Silver)
16387,323,1,94.36,1,Không Thẻ / Hạng Chuẩn
16389,53,4,1362.27,0,Thẻ Bạc (Silver)
16392,270,1,217.89,1,Không Thẻ / Hạng Chuẩn
16393,2,13,2935.8,2,Thẻ Vàng - Kim Cương (Gold)
16394,57,5,1412.06,0,Thẻ Bạc (Silver)
16395,61,5,1482.06,0,Thẻ Bạc (Silver)
16398,154,2,1631.15,0,Thẻ Bạc (Silver)
16399,19,2,408.02,0,Thẻ Bạc (Silver)
16400,95,1,303.93,1,Không Thẻ / Hạng Chuẩn
16401,1,12,4061.24,2,Thẻ Vàng - Kim Cương (Gold)
16402,265,2,293.45,1,Không Thẻ / Hạng Chuẩn
16403,312,1,161.05,1,Không Thẻ / Hạng Chuẩn
16404,70,1,443.05,1,Không Thẻ / Hạng Chuẩn
16405,302,2,167.25,1,Không Thẻ / Hạng Chuẩn
16406,19,1,154.35,1,Không Thẻ / Hạng Chuẩn
16407,13,10,2079.68,2,Thẻ Vàng - Kim Cương (Gold)
16409,36,5,2022.98,0,Thẻ Bạc (Silver)
16411,19,2,211.7,0,Thẻ Bạc (Silver)
16412,54,1,135.99,1,Không Thẻ / Hạng Chuẩn
16413,57,1,262.2,1,Không Thẻ / Hạng Chuẩn
16414,22,2,126.25,1,Không Thẻ / Hạng Chuẩn
16415,44,1,200.27,1,Không Thẻ / Hạng Chuẩn
16416,27,3,1026.99,0,Thẻ Bạc (Silver)
16418,45,3,631.12,0,Thẻ Bạc (Silver)
16419,113,6,945.96,0,Thẻ Bạc (Silver)
16422,17,51,33805.69,2,Thẻ Vàng - Kim Cương (Gold)
16423,25,1,346.12,1,Không Thẻ / Hạng Chuẩn
16424,191,1,82.56,1,Không Thẻ / Hạng Chuẩn
16425,302,1,302.7,1,Không Thẻ / Hạng Chuẩn
16426,2,10,1863.76,2,Thẻ Vàng - Kim Cương (Gold)
16427,263,2,241.06,1,Không Thẻ / Hạng Chuẩn
16429,106,1,284.55,1,Không Thẻ / Hạng Chuẩn
16430,57,1,300.85,1,Không Thẻ / Hạng Chuẩn
16431,213,3,623.28,1,Không Thẻ / Hạng Chuẩn
16432,64,1,287.4,1,Không Thẻ / Hạng Chuẩn
16433,28,1,184.26,1,Không Thẻ / Hạng Chuẩn
16434,29,7,1511.8,0,Thẻ Bạc (Silver)
16438,6,5,798.35,0,Thẻ Bạc (Silver)
16440,8,5,3640.67,2,Thẻ Vàng - Kim Cương (Gold)
16441,67,2,381.2,1,Không Thẻ / Hạng Chuẩn
16442,2,3,609.3,0,Thẻ Bạc (Silver)
16444,46,4,638.77,0,Thẻ Bạc (Silver)
16445,34,1,230.51,1,Không Thẻ / Hạng Chuẩn
16446,1,2,2.9,1,Không Thẻ / Hạng Chuẩn
16447,136,1,255.91,1,Không Thẻ / Hạng Chuẩn
16448,198,1,182.99,1,Không Thẻ / Hạng Chuẩn
16449,198,2,674.69,1,Không Thẻ / Hạng Chuẩn
16450,150,1,311.92,1,Không Thẻ / Hạng Chuẩn
16451,88,1,266.97,1,Không Thẻ / Hạng Chuẩn
16455,64,7,1841.18,0,Thẻ Bạc (Silver)
16456,99,5,2158.18,0,Thẻ Bạc (Silver)
16457,218,1,208.36,1,Không Thẻ / Hạng Chuẩn
16458,3,18,3482.74,2,Thẻ Vàng - Kim Cương (Gold)
16460,28,3,811.23,0,Thẻ Bạc (Silver)
16461,178,1,142.92,1,Không Thẻ / Hạng Chuẩn
16462,74,3,102.0,1,Không Thẻ / Hạng Chuẩn
16463,21,4,1383.7,0,Thẻ Bạc (Silver)
16464,20,3,1298.66,0,Thẻ Bạc (Silver)
16466,34,7,1595.96,0,Thẻ Bạc (Silver)
16468,74,1,74.9,1,Không Thẻ / Hạng Chuẩn
16469,24,4,625.42,0,Thẻ Bạc (Silver)
16470,52,4,747.82,0,Thẻ Bạc (Silver)
16471,275,1,223.95,1,Không Thẻ / Hạng Chuẩn
16473,165,3,314.86,1,Không Thẻ / Hạng Chuẩn
16474,7,7,1750.62,2,Thẻ Vàng - Kim Cương (Gold)
16475,88,4,544.3,0,Thẻ Bạc (Silver)
16477,64,7,2494.46,0,Thẻ Bạc (Silver)
16478,25,3,331.0,0,Thẻ Bạc (Silver)
16479,10,2,300.83,0,Thẻ Bạc (Silver)
16480,76,1,769.29,1,Không Thẻ / Hạng Chuẩn
16482,16,1,220.62,1,Không Thẻ / Hạng Chuẩn
16483,192,1,139.35,1,Không Thẻ / Hạng Chuẩn
16484,174,2,379.4,1,Không Thẻ / Hạng Chuẩn
16485,77,1,363.65,1,Không Thẻ / Hạng Chuẩn
16488,33,3,492.2,0,Thẻ Bạc (Silver)
16491,47,1,731.5,1,Không Thẻ / Hạng Chuẩn
16493,80,4,1329.66,0,Thẻ Bạc (Silver)
16494,297,1,826.53,1,Không Thẻ / Hạng Chuẩn
16495,3,3,648.26,0,Thẻ Bạc (Silver)
16496,9,3,1562.22,0,Thẻ Bạc (Silver)
16497,50,6,2965.69,0,Thẻ Bạc (Silver)
16498,161,2,86.12,1,Không Thẻ / Hạng Chuẩn
16499,360,2,319.1,1,Không Thẻ / Hạng Chuẩn
16500,5,6,400.86,0,Thẻ Bạc (Silver)
16503,107,4,1421.43,0,Thẻ Bạc (Silver)
16504,25,1,465.88,1,Không Thẻ / Hạng Chuẩn
16505,32,1,777.6,1,Không Thẻ / Hạng Chuẩn
16506,20,2,90.3,1,Không Thẻ / Hạng Chuẩn
16509,297,1,363.7,1,Không Thẻ / Hạng Chuẩn
16510,372,1,248.1,1,Không Thẻ / Hạng Chuẩn
16511,22,3,918.33,0,Thẻ Bạc (Silver)
16513,5,4,874.59,0,Thẻ Bạc (Silver)
16515,52,5,1624.14,0,Thẻ Bạc (Silver)
16516,30,1,101.7,1,Không Thẻ / Hạng Chuẩn
16517,277,1,162.7,1,Không Thẻ / Hạng Chuẩn
16518,61,2,480.92,0,Thẻ Bạc (Silver)
16519,25,2,215.08,1,Không Thẻ / Hạng Chuẩn
16520,186,3,1036.62,0,Thẻ Bạc (Silver)
16523,2,21,9295.67,2,Thẻ Vàng - Kim Cương (Gold)
16525,2,26,11895.57,2,Thẻ Vàng - Kim Cương (Gold)
16526,172,1,290.36,1,Không Thẻ / Hạng Chuẩn
16527,81,1,228.06,1,Không Thẻ / Hạng Chuẩn
16528,4,1,244.41,0,Thẻ Bạc (Silver)
16529,190,1,455.25,1,Không Thẻ / Hạng Chuẩn
16531,22,7,1244.59,0,Thẻ Bạc (Silver)
16532,18,3,6748.8,2,Thẻ Vàng - Kim Cương (Gold)
16533,19,3,1014.19,0,Thẻ Bạc (Silver)
16535,5,1,593.75,0,Thẻ Bạc (Silver)
16536,110,1,538.17,1,Không Thẻ / Hạng Chuẩn
16539,3,4,1388.81,2,Thẻ Vàng - Kim Cương (Gold)
16542,54,1,119.62,1,Không Thẻ / Hạng Chuẩn
16545,165,1,339.3,1,Không Thẻ / Hạng Chuẩn
16549,10,10,4034.9,2,Thẻ Vàng - Kim Cương (Gold)
16550,109,5,2266.25,0,Thẻ Bạc (Silver)
16551,96,3,922.12,0,Thẻ Bạc (Silver)
16552,243,2,379.73,1,Không Thẻ / Hạng Chuẩn
16553,163,12,5664.57,2,Thẻ Vàng - Kim Cương (Gold)
16554,42,3,641.55,0,Thẻ Bạc (Silver)
16555,35,2,285.89,1,Không Thẻ / Hạng Chuẩn
16556,67,7,3313.79,0,Thẻ Bạc (Silver)
16557,24,2,281.85,0,Thẻ Bạc (Silver)
16558,1,20,8257.04,2,Thẻ Vàng - Kim Cương (Gold)
16560,27,2,816.51,0,Thẻ Bạc (Silver)
16561,6,2,511.12,0,Thẻ Bạc (Silver)
16563,54,1,1077.74,1,Không Thẻ / Hạng Chuẩn
16565,364,1,173.7,1,Không Thẻ / Hạng Chuẩn
16566,15,5,614.01,0,Thẻ Bạc (Silver)
16567,194,2,865.6,1,Không Thẻ / Hạng Chuẩn
16569,3,1,124.2,1,Không Thẻ / Hạng Chuẩn
16570,15,10,3622.95,2,Thẻ Vàng - Kim Cương (Gold)
16571,27,3,1285.22,0,Thẻ Bạc (Silver)
16572,127,3,999.7,0,Thẻ Bạc (Silver)
16573,85,2,648.41,0,Thẻ Bạc (Silver)
16574,71,1,451.44,1,Không Thẻ / Hạng Chuẩn
16581,183,1,70.44,1,Không Thẻ / Hạng Chuẩn
16582,113,1,313.62,1,Không Thẻ / Hạng Chuẩn
16583,374,1,233.45,1,Không Thẻ / Hạng Chuẩn
16584,80,2,908.03,0,Thẻ Bạc (Silver)
16586,249,1,463.95,1,Không Thẻ / Hạng Chuẩn
16587,232,1,225.15,1,Không Thẻ / Hạng Chuẩn
16589,71,3,459.24,0,Thẻ Bạc (Silver)
16591,69,1,213.5,1,Không Thẻ / Hạng Chuẩn
16592,4,16,4073.28,2,Thẻ Vàng - Kim Cương (Gold)
16593,51,3,330.03,0,Thẻ Bạc (Silver)
16594,75,1,181.09,1,Không Thẻ / Hạng Chuẩn
16595,61,1,360.16,1,Không Thẻ / Hạng Chuẩn
16596,16,2,250.15,0,Thẻ Bạc (Silver)
16597,4,1,90.04,1,Không Thẻ / Hạng Chuẩn
16598,286,1,140.7,1,Không Thẻ / Hạng Chuẩn
16600,4,6,813.52,2,Thẻ Vàng - Kim Cương (Gold)
16601,41,1,242.7,1,Không Thẻ / Hạng Chuẩn
16602,36,1,494.73,1,Không Thẻ / Hạng Chuẩn
16603,75,2,482.47,1,Không Thẻ / Hạng Chuẩn
16607,18,14,3038.67,2,Thẻ Vàng - Kim Cương (Gold)
16609,15,7,5450.96,2,Thẻ Vàng - Kim Cương (Gold)
16610,219,1,75.66,1,Không Thẻ / Hạng Chuẩn
16611,186,1,120.99,1,Không Thẻ / Hạng Chuẩn
16612,33,4,1187.66,0,Thẻ Bạc (Silver)
16613,70,1,618.59,1,Không Thẻ / Hạng Chuẩn
16614,183,1,506.19,1,Không Thẻ / Hạng Chuẩn
16616,15,2,500.42,0,Thẻ Bạc (Silver)
16617,236,1,151.85,1,Không Thẻ / Hạng Chuẩn
16618,31,5,2630.64,0,Thẻ Bạc (Silver)
16619,264,1,204.41,1,Không Thẻ / Hạng Chuẩn
16620,4,2,178.96,0,Thẻ Bạc (Silver)
16621,52,4,813.48,0,Thẻ Bạc (Silver)
16623,246,1,129.45,1,Không Thẻ / Hạng Chuẩn
16624,81,2,810.57,0,Thẻ Bạc (Silver)
16625,275,1,333.08,1,Không Thẻ / Hạng Chuẩn
16626,1,17,4379.65,2,Thẻ Vàng - Kim Cương (Gold)
16627,79,1,322.8,1,Không Thẻ / Hạng Chuẩn
16628,30,5,2183.04,0,Thẻ Bạc (Silver)
16629,74,2,408.63,1,Không Thẻ / Hạng Chuẩn
16633,17,6,2878.15,2,Thẻ Vàng - Kim Cương (Gold)
16634,223,2,217.9,1,Không Thẻ / Hạng Chuẩn
16637,32,4,1124.59,0,Thẻ Bạc (Silver)
16638,23,10,1676.47,2,Thẻ Vàng - Kim Cương (Gold)
16639,31,3,1169.38,0,Thẻ Bạc (Silver)
16641,106,1,231.1,1,Không Thẻ / Hạng Chuẩn
16642,5,2,679.83,0,Thẻ Bạc (Silver)
16643,246,1,487.51,1,Không Thẻ / Hạng Chuẩn
16644,178,2,833.78,1,Không Thẻ / Hạng Chuẩn
16647,170,2,214.06,1,Không Thẻ / Hạng Chuẩn
16648,43,1,270.86,1,Không Thẻ / Hạng Chuẩn
16650,72,1,518.42,1,Không Thẻ / Hạng Chuẩn
16652,59,7,6654.26,2,Thẻ Vàng - Kim Cương (Gold)
16653,16,2,1166.92,0,Thẻ Bạc (Silver)
16654,141,4,594.97,0,Thẻ Bạc (Silver)
16655,18,6,3789.52,2,Thẻ Vàng - Kim Cương (Gold)
16656,22,15,8568.24,2,Thẻ Vàng - Kim Cương (Gold)
16657,10,4,874.43,0,Thẻ Bạc (Silver)
16658,368,1,123.24,1,Không Thẻ / Hạng Chuẩn
16659,189,1,39.12,1,Không Thẻ / Hạng Chuẩn
16660,16,4,810.45,0,Thẻ Bạc (Silver)
16665,362,1,135.4,1,Không Thẻ / Hạng Chuẩn
16666,19,1,118.98,1,Không Thẻ / Hạng Chuẩn
16667,68,2,567.18,0,Thẻ Bạc (Silver)
16668,15,6,306.72,0,Thẻ Bạc (Silver)
16669,24,3,1344.88,0,Thẻ Bạc (Silver)
16670,17,11,4022.46,2,Thẻ Vàng - Kim Cương (Gold)
16671,28,3,1692.27,0,Thẻ Bạc (Silver)
16672,2,20,8093.59,2,Thẻ Vàng - Kim Cương (Gold)
16674,55,2,304.24,1,Không Thẻ / Hạng Chuẩn
16676,34,4,1558.72,0,Thẻ Bạc (Silver)
16678,3,12,3013.83,2,Thẻ Vàng - Kim Cương (Gold)
16679,366,1,129.75,1,Không Thẻ / Hạng Chuẩn
16680,43,1,183.7,1,Không Thẻ / Hạng Chuẩn
16681,73,6,1770.34,0,Thẻ Bạc (Silver)
16682,5,5,1028.0,2,Thẻ Vàng - Kim Cương (Gold)
16684,4,28,65892.08,2,Thẻ Vàng - Kim Cương (Gold)
16685,61,2,324.24,1,Không Thẻ / Hạng Chuẩn
16686,47,7,2940.53,0,Thẻ Bạc (Silver)
16688,1,4,1260.86,2,Thẻ Vàng - Kim Cương (Gold)
16689,76,2,303.26,1,Không Thẻ / Hạng Chuẩn
16690,72,2,208.63,1,Không Thẻ / Hạng Chuẩn
16692,256,2,1276.0,1,Không Thẻ / Hạng Chuẩn
16693,69,2,477.86,1,Không Thẻ / Hạng Chuẩn
16696,135,4,657.9,0,Thẻ Bạc (Silver)
16697,241,1,112.75,1,Không Thẻ / Hạng Chuẩn
16698,227,2,1998.0,0,Thẻ Bạc (Silver)
16700,9,13,5040.0,2,Thẻ Vàng - Kim Cương (Gold)
16701,9,13,5150.27,2,Thẻ Vàng - Kim Cương (Gold)
16705,1,20,13946.13,2,Thẻ Vàng - Kim Cương (Gold)
16706,37,3,531.35,0,Thẻ Bạc (Silver)
16708,46,1,656.63,1,Không Thẻ / Hạng Chuẩn
16709,85,5,3029.87,0,Thẻ Bạc (Silver)
16710,19,10,2467.99,2,Thẻ Vàng - Kim Cương (Gold)
16711,3,5,1651.03,2,Thẻ Vàng - Kim Cương (Gold)
16712,9,11,3611.31,2,Thẻ Vàng - Kim Cương (Gold)
16713,19,15,6827.88,2,Thẻ Vàng - Kim Cương (Gold)
16714,219,3,879.06,0,Thẻ Bạc (Silver)
16715,78,1,301.72,1,Không Thẻ / Hạng Chuẩn
16716,267,2,319.8,1,Không Thẻ / Hạng Chuẩn
16717,24,6,3263.06,2,Thẻ Vàng - Kim Cương (Gold)
16718,369,1,606.05,1,Không Thẻ / Hạng Chuẩn
16719,15,7,1753.72,2,Thẻ Vàng - Kim Cương (Gold)
16720,26,1,152.95,1,Không Thẻ / Hạng Chuẩn
16721,262,1,292.47,1,Không Thẻ / Hạng Chuẩn
16722,17,13,4711.21,2,Thẻ Vàng - Kim Cương (Gold)
16723,91,2,576.4,1,Không Thẻ / Hạng Chuẩn
16725,302,7,752.32,0,Thẻ Bạc (Silver)
16726,26,5,1358.74,0,Thẻ Bạc (Silver)
16727,364,1,256.32,1,Không Thẻ / Hạng Chuẩn
16728,46,4,1048.28,0,Thẻ Bạc (Silver)
16729,38,21,7041.69,2,Thẻ Vàng - Kim Cương (Gold)
16730,52,3,702.79,0,Thẻ Bạc (Silver)
16732,32,1,603.75,1,Không Thẻ / Hạng Chuẩn
16734,52,3,646.76,0,Thẻ Bạc (Silver)
16735,79,5,2216.06,0,Thẻ Bạc (Silver)
16737,53,1,417.6,1,Không Thẻ / Hạng Chuẩn
16738,298,1,3.75,1,Không Thẻ / Hạng Chuẩn
16739,177,1,312.55,1,Không Thẻ / Hạng Chuẩn
16743,29,7,2166.88,0,Thẻ Bạc (Silver)
16744,11,7,1291.91,2,Thẻ Vàng - Kim Cương (Gold)
16745,87,17,7157.1,2,Thẻ Vàng - Kim Cương (Gold)
16746,5,18,6676.76,2,Thẻ Vàng - Kim Cương (Gold)
16747,38,2,826.96,0,Thẻ Bạc (Silver)
16748,18,5,1515.9,0,Thẻ Bạc (Silver)
16750,45,5,623.93,0,Thẻ Bạc (Silver)
16751,31,1,1764.72,0,Thẻ Bạc (Silver)
16752,373,1,207.5,1,Không Thẻ / Hạng Chuẩn
16753,58,1,223.92,1,Không Thẻ / Hạng Chuẩn
16754,372,1,2002.4,1,Không Thẻ / Hạng Chuẩn
16755,114,3,1463.23,0,Thẻ Bạc (Silver)
16756,215,1,239.4,1,Không Thẻ / Hạng Chuẩn
16757,319,1,106.83,1,Không Thẻ / Hạng Chuẩn
16758,65,1,369.34,1,Không Thẻ / Hạng Chuẩn
16759,8,3,772.84,0,Thẻ Bạc (Silver)
16761,97,1,316.62,1,Không Thẻ / Hạng Chuẩn
16762,20,3,1207.24,0,Thẻ Bạc (Silver)
16763,199,1,594.9,1,Không Thẻ / Hạng Chuẩn
16764,4,13,2749.95,2,Thẻ Vàng - Kim Cương (Gold)
16765,294,1,34.0,1,Không Thẻ / Hạng Chuẩn
16766,273,2,1145.6,1,Không Thẻ / Hạng Chuẩn
16767,31,11,5575.56,2,Thẻ Vàng - Kim Cương (Gold)
16768,48,3,458.04,0,Thẻ Bạc (Silver)
16769,260,1,361.54,1,Không Thẻ / Hạng Chuẩn
16770,58,5,731.9,0,Thẻ Bạc (Silver)
16771,33,5,2242.61,0,Thẻ Bạc (Silver)
16773,57,1,171.59,1,Không Thẻ / Hạng Chuẩn
16774,68,4,654.92,0,Thẻ Bạc (Silver)
16775,10,11,1691.51,2,Thẻ Vàng - Kim Cương (Gold)
16776,60,1,371.54,1,Không Thẻ / Hạng Chuẩn
16777,80,2,222.62,1,Không Thẻ / Hạng Chuẩn
16778,74,2,245.94,1,Không Thẻ / Hạng Chuẩn
16779,2,22,10436.05,2,Thẻ Vàng - Kim Cương (Gold)
16780,100,2,422.24,1,Không Thẻ / Hạng Chuẩn
16781,372,1,294.65,1,Không Thẻ / Hạng Chuẩn
16782,10,13,2230.3,2,Thẻ Vàng - Kim Cương (Gold)
16784,20,1,107.6,1,Không Thẻ / Hạng Chuẩn
16788,123,2,594.39,1,Không Thẻ / Hạng Chuẩn
16789,8,1,80.8,1,Không Thẻ / Hạng Chuẩn
16790,4,6,1520.12,2,Thẻ Vàng - Kim Cương (Gold)
16791,29,7,1690.28,0,Thẻ Bạc (Silver)
16792,282,2,110.38,1,Không Thẻ / Hạng Chuẩn
16793,57,1,243.84,1,Không Thẻ / Hạng Chuẩn
16794,1,10,1175.3,2,Thẻ Vàng - Kim Cương (Gold)
16795,365,1,414.88,1,Không Thẻ / Hạng Chuẩn
16796,89,1,305.62,1,Không Thẻ / Hạng Chuẩn
16800,11,1,1162.65,0,Thẻ Bạc (Silver)
16801,163,4,842.33,0,Thẻ Bạc (Silver)
16803,65,1,332.3,1,Không Thẻ / Hạng Chuẩn
16804,23,3,536.99,0,Thẻ Bạc (Silver)
16805,174,2,460.59,1,Không Thẻ / Hạng Chuẩn
16806,103,4,762.16,0,Thẻ Bạc (Silver)
16807,143,3,1121.59,0,Thẻ Bạc (Silver)
16808,99,2,288.42,1,Không Thẻ / Hạng Chuẩn
16809,23,5,912.74,0,Thẻ Bạc (Silver)
16810,192,1,275.64,1,Không Thẻ / Hạng Chuẩn
16811,5,2,547.07,0,Thẻ Bạc (Silver)
16812,361,1,479.35,1,Không Thẻ / Hạng Chuẩn
16813,8,10,1652.18,2,Thẻ Vàng - Kim Cương (Gold)
16814,14,21,6408.2,2,Thẻ Vàng - Kim Cương (Gold)
16816,103,4,417.06,0,Thẻ Bạc (Silver)
16817,3,9,1446.95,2,Thẻ Vàng - Kim Cương (Gold)
16818,11,11,3317.97,2,Thẻ Vàng - Kim Cương (Gold)
16820,96,1,497.61,1,Không Thẻ / Hạng Chuẩn
16823,227,1,358.38,1,Không Thẻ / Hạng Chuẩn
16824,16,2,460.64,0,Thẻ Bạc (Silver)
16825,39,2,775.18,0,Thẻ Bạc (Silver)
16826,51,1,341.7,1,Không Thẻ / Hạng Chuẩn
16828,93,2,128.5,1,Không Thẻ / Hạng Chuẩn
16829,157,1,197.22,1,Không Thẻ / Hạng Chuẩn
16830,39,1,325.91,1,Không Thẻ / Hạng Chuẩn
16832,184,3,199.15,1,Không Thẻ / Hạng Chuẩn
16833,1,4,1106.53,2,Thẻ Vàng - Kim Cương (Gold)
16834,228,1,413.46,1,Không Thẻ / Hạng Chuẩn
16835,128,2,180.85,1,Không Thẻ / Hạng Chuẩn
16836,40,2,251.87,1,Không Thẻ / Hạng Chuẩn
16837,31,11,3167.73,2,Thẻ Vàng - Kim Cương (Gold)
16838,197,2,582.9,1,Không Thẻ / Hạng Chuẩn
16839,9,34,15357.78,2,Thẻ Vàng - Kim Cương (Gold)
16841,37,6,1774.62,0,Thẻ Bạc (Silver)
16842,101,3,1260.44,0,Thẻ Bạc (Silver)
16843,43,16,10183.82,2,Thẻ Vàng - Kim Cương (Gold)
16846,50,1,214.32,1,Không Thẻ / Hạng Chuẩn
16847,43,1,193.44,1,Không Thẻ / Hạng Chuẩn
16848,53,1,281.42,1,Không Thẻ / Hạng Chuẩn
16849,187,1,124.57,1,Không Thẻ / Hạng Chuẩn
16850,334,1,332.41,1,Không Thẻ / Hạng Chuẩn
16851,4,3,342.45,0,Thẻ Bạc (Silver)
16852,10,2,144.91,0,Thẻ Bạc (Silver)
16855,24,2,328.4,0,Thẻ Bạc (Silver)
16856,15,1,35.4,1,Không Thẻ / Hạng Chuẩn
16858,369,1,345.89,1,Không Thẻ / Hạng Chuẩn
16859,145,2,473.14,1,Không Thẻ / Hạng Chuẩn
16861,60,2,151.65,1,Không Thẻ / Hạng Chuẩn
16863,31,2,481.35,0,Thẻ Bạc (Silver)
16866,141,3,207.74,1,Không Thẻ / Hạng Chuẩn
16869,23,4,797.32,0,Thẻ Bạc (Silver)
16871,22,6,2761.49,2,Thẻ Vàng - Kim Cương (Gold)
16872,77,3,680.02,0,Thẻ Bạc (Silver)
16873,5,6,7066.31,2,Thẻ Vàng - Kim Cương (Gold)
16875,67,5,2023.47,0,Thẻ Bạc (Silver)
16877,12,6,846.62,0,Thẻ Bạc (Silver)
16880,31,7,1491.43,0,Thẻ Bạc (Silver)
16881,67,1,432.0,1,Không Thẻ / Hạng Chuẩn
16882,67,3,705.12,0,Thẻ Bạc (Silver)
16883,187,2,272.48,1,Không Thẻ / Hạng Chuẩn
16884,38,2,429.84,0,Thẻ Bạc (Silver)
16885,15,3,450.41,0,Thẻ Bạc (Silver)
16887,35,1,192.33,1,Không Thẻ / Hạng Chuẩn
16889,195,3,1578.67,0,Thẻ Bạc (Silver)
16891,2,5,742.43,2,Thẻ Vàng - Kim Cương (Gold)
16892,1,5,489.49,2,Thẻ Vàng - Kim Cương (Gold)
16893,367,1,145.93,1,Không Thẻ / Hạng Chuẩn
16895,65,1,202.27,1,Không Thẻ / Hạng Chuẩn
16897,299,2,213.03,1,Không Thẻ / Hạng Chuẩn
16898,26,3,436.68,0,Thẻ Bạc (Silver)
16899,8,6,1271.06,2,Thẻ Vàng - Kim Cương (Gold)
16900,17,3,187.69,0,Thẻ Bạc (Silver)
16902,116,1,1706.88,1,Không Thẻ / Hạng Chuẩn
16903,29,1,363.2,1,Không Thẻ / Hạng Chuẩn
16904,4,16,3653.75,2,Thẻ Vàng - Kim Cương (Gold)
16905,5,7,3020.65,2,Thẻ Vàng - Kim Cương (Gold)
16906,82,4,559.59,0,Thẻ Bạc (Silver)
16907,29,5,928.76,0,Thẻ Bạc (Silver)
16909,72,1,364.14,1,Không Thẻ / Hạng Chuẩn
16910,4,8,1508.96,2,Thẻ Vàng - Kim Cương (Gold)
16912,29,11,2508.87,2,Thẻ Vàng - Kim Cương (Gold)
16913,290,1,113.44,1,Không Thẻ / Hạng Chuẩn
16914,36,1,183.76,1,Không Thẻ / Hạng Chuẩn
16915,9,6,621.68,0,Thẻ Bạc (Silver)
16916,24,2,562.41,0,Thẻ Bạc (Silver)
16917,277,1,391.52,1,Không Thẻ / Hạng Chuẩn
16918,50,6,1043.34,0,Thẻ Bạc (Silver)
16919,156,11,2592.25,0,Thẻ Bạc (Silver)
16921,61,1,154.18,1,Không Thẻ / Hạng Chuẩn
16923,12,19,6488.3,2,Thẻ Vàng - Kim Cương (Gold)
16924,21,3,722.64,0,Thẻ Bạc (Silver)
16926,371,1,230.25,1,Không Thẻ / Hạng Chuẩn
16927,116,3,543.05,0,Thẻ Bạc (Silver)
16928,80,17,2748.6,2,Thẻ Vàng - Kim Cương (Gold)
16929,4,7,1295.39,2,Thẻ Vàng - Kim Cương (Gold)
16930,26,3,378.89,0,Thẻ Bạc (Silver)
16931,5,21,4554.87,2,Thẻ Vàng - Kim Cương (Gold)
16932,53,1,150.23,1,Không Thẻ / Hạng Chuẩn
16933,1,2,530.08,0,Thẻ Bạc (Silver)
16934,55,2,931.03,0,Thẻ Bạc (Silver)
16936,26,1,261.9,1,Không Thẻ / Hạng Chuẩn
16938,9,4,1878.43,0,Thẻ Bạc (Silver)
16940,52,3,3049.88,0,Thẻ Bạc (Silver)
16942,13,9,1878.51,2,Thẻ Vàng - Kim Cương (Gold)
16943,212,3,816.73,0,Thẻ Bạc (Silver)
16945,22,19,4345.5,2,Thẻ Vàng - Kim Cương (Gold)
16947,236,1,406.48,1,Không Thẻ / Hạng Chuẩn
16948,139,3,435.02,1,Không Thẻ / Hạng Chuẩn
16949,4,6,1161.27,2,Thẻ Vàng - Kim Cương (Gold)
16950,57,3,1178.56,0,Thẻ Bạc (Silver)
16951,135,3,1262.75,0,Thẻ Bạc (Silver)
16952,109,2,167.61,1,Không Thẻ / Hạng Chuẩn
16953,30,1,20.8,1,Không Thẻ / Hạng Chuẩn
16954,1,9,2085.08,2,Thẻ Vàng - Kim Cương (Gold)
16955,185,4,493.67,0,Thẻ Bạc (Silver)
16956,18,1,292.34,1,Không Thẻ / Hạng Chuẩn
16957,239,2,416.64,1,Không Thẻ / Hạng Chuẩn
16959,87,1,117.35,1,Không Thẻ / Hạng Chuẩn
16960,39,3,507.05,0,Thẻ Bạc (Silver)
16961,116,1,234.17,1,Không Thẻ / Hạng Chuẩn
16963,187,1,110.55,1,Không Thẻ / Hạng Chuẩn
16965,227,1,201.19,1,Không Thẻ / Hạng Chuẩn
16966,8,7,2148.47,2,Thẻ Vàng - Kim Cương (Gold)
16967,189,1,319.02,1,Không Thẻ / Hạng Chuẩn
16968,4,2,439.43,0,Thẻ Bạc (Silver)
16969,39,3,650.41,0,Thẻ Bạc (Silver)
16971,38,1,232.21,1,Không Thẻ / Hạng Chuẩn
16976,267,1,251.52,1,Không Thẻ / Hạng Chuẩn
16978,78,1,344.33,1,Không Thẻ / Hạng Chuẩn
16979,4,6,1809.05,2,Thẻ Vàng - Kim Cương (Gold)
16980,255,2,1028.46,1,Không Thẻ / Hạng Chuẩn
16982,61,1,384.06,1,Không Thẻ / Hạng Chuẩn
16983,13,7,1894.82,2,Thẻ Vàng - Kim Cương (Gold)
16984,88,2,4370.59,0,Thẻ Bạc (Silver)
16985,17,10,5461.62,2,Thẻ Vàng - Kim Cương (Gold)
16986,30,2,1873.2,0,Thẻ Bạc (Silver)
16987,3,7,1616.8,2,Thẻ Vàng - Kim Cương (Gold)
16988,5,1,126.12,1,Không Thẻ / Hạng Chuẩn
16989,7,6,1133.25,2,Thẻ Vàng - Kim Cương (Gold)
16990,219,1,179.0,1,Không Thẻ / Hạng Chuẩn
16992,11,5,1601.86,0,Thẻ Bạc (Silver)
16996,30,6,1427.46,0,Thẻ Bạc (Silver)
16997,288,3,702.0,1,Không Thẻ / Hạng Chuẩn
16998,150,4,287.02,1,Không Thẻ / Hạng Chuẩn
16999,23,2,484.82,0,Thẻ Bạc (Silver)
17001,1,11,3989.57,2,Thẻ Vàng - Kim Cương (Gold)
17002,86,3,1487.78,0,Thẻ Bạc (Silver)
17004,46,2,1312.14,0,Thẻ Bạc (Silver)
17006,5,4,781.78,0,Thẻ Bạc (Silver)
17007,51,6,877.43,0,Thẻ Bạc (Silver)
17010,18,1,185.46,1,Không Thẻ / Hạng Chuẩn
17011,30,1,270.9,1,Không Thẻ / Hạng Chuẩn
17014,8,3,562.68,0,Thẻ Bạc (Silver)
17015,29,3,1838.61,0,Thẻ Bạc (Silver)
17017,3,20,8574.11,2,Thẻ Vàng - Kim Cương (Gold)
17018,41,2,920.1,0,Thẻ Bạc (Silver)
17019,11,4,1258.08,0,Thẻ Bạc (Silver)
17022,31,1,71.0,1,Không Thẻ / Hạng Chuẩn
17024,45,3,95.85,1,Không Thẻ / Hạng Chuẩn
17025,61,3,357.77,0,Thẻ Bạc (Silver)
17026,185,2,154.83,1,Không Thẻ / Hạng Chuẩn
17027,79,6,835.86,0,Thẻ Bạc (Silver)
17029,111,2,716.0,0,Thẻ Bạc (Silver)
17030,64,1,146.87,1,Không Thẻ / Hạng Chuẩn
17031,12,2,380.35,0,Thẻ Bạc (Silver)
17033,86,3,1030.14,0,Thẻ Bạc (Silver)
17034,16,3,734.57,0,Thẻ Bạc (Silver)
17035,246,2,388.33,1,Không Thẻ / Hạng Chuẩn
17037,88,1,1253.22,1,Không Thẻ / Hạng Chuẩn
17038,30,1,112.4,1,Không Thẻ / Hạng Chuẩn
17040,138,1,449.73,1,Không Thẻ / Hạng Chuẩn
17041,27,3,1055.69,0,Thẻ Bạc (Silver)
17042,3,5,1036.58,2,Thẻ Vàng - Kim Cương (Gold)
17043,32,4,1735.18,0,Thẻ Bạc (Silver)
17044,25,1,897.43,0,Thẻ Bạc (Silver)
17045,113,3,339.44,1,Không Thẻ / Hạng Chuẩn
17046,157,1,642.02,1,Không Thẻ / Hạng Chuẩn
17047,85,3,1100.9,0,Thẻ Bạc (Silver)
17048,118,3,864.32,0,Thẻ Bạc (Silver)
17049,3,9,5589.83,2,Thẻ Vàng - Kim Cương (Gold)
17050,96,6,3185.64,0,Thẻ Bạc (Silver)
17051,194,1,240.89,1,Không Thẻ / Hạng Chuẩn
17052,28,1,399.09,1,Không Thẻ / Hạng Chuẩn
17053,131,1,496.38,1,Không Thẻ / Hạng Chuẩn
17054,28,5,1353.83,0,Thẻ Bạc (Silver)
17058,82,3,1179.89,0,Thẻ Bạc (Silver)
17059,30,5,3080.39,0,Thẻ Bạc (Silver)
17060,266,1,234.24,1,Không Thẻ / Hạng Chuẩn
17061,74,11,5116.13,2,Thẻ Vàng - Kim Cương (Gold)
17062,314,4,529.43,1,Không Thẻ / Hạng Chuẩn
17063,21,7,1421.59,0,Thẻ Bạc (Silver)
17064,59,3,855.45,0,Thẻ Bạc (Silver)
17068,12,21,4531.34,2,Thẻ Vàng - Kim Cương (Gold)
17069,28,9,2655.22,2,Thẻ Vàng - Kim Cương (Gold)
17070,114,1,304.24,1,Không Thẻ / Hạng Chuẩn
17071,28,9,2385.48,2,Thẻ Vàng - Kim Cương (Gold)
17073,18,4,1446.09,0,Thẻ Bạc (Silver)
17075,18,4,813.77,0,Thẻ Bạc (Silver)
17076,36,3,841.08,0,Thẻ Bạc (Silver)
17078,36,2,378.2,0,Thẻ Bạc (Silver)
17079,78,1,118.8,1,Không Thẻ / Hạng Chuẩn
17080,22,2,285.5,0,Thẻ Bạc (Silver)
17081,25,2,288.91,0,Thẻ Bạc (Silver)
17082,33,2,2003.85,0,Thẻ Bạc (Silver)
17083,109,3,1405.78,0,Thẻ Bạc (Silver)
17084,35,2,2747.99,0,Thẻ Bạc (Silver)
17085,123,5,1550.8,0,Thẻ Bạc (Silver)
17086,7,6,2050.08,2,Thẻ Vàng - Kim Cương (Gold)
17088,28,4,1991.01,0,Thẻ Bạc (Silver)
17090,4,7,1972.55,2,Thẻ Vàng - Kim Cương (Gold)
17091,3,9,3802.81,2,Thẻ Vàng - Kim Cương (Gold)
17092,50,4,1774.03,0,Thẻ Bạc (Silver)
17094,322,1,270.2,1,Không Thẻ / Hạng Chuẩn
17095,23,3,1088.2,0,Thẻ Bạc (Silver)
17096,15,4,992.68,0,Thẻ Bạc (Silver)
17097,2,8,937.92,2,Thẻ Vàng - Kim Cương (Gold)
17100,18,2,971.74,0,Thẻ Bạc (Silver)
17101,10,4,1621.73,0,Thẻ Bạc (Silver)
17102,262,1,25.5,1,Không Thẻ / Hạng Chuẩn
17105,159,2,665.78,1,Không Thẻ / Hạng Chuẩn
17107,33,6,10362.48,2,Thẻ Vàng - Kim Cương (Gold)
17109,29,6,865.93,0,Thẻ Bạc (Silver)
17110,165,1,163.3,1,Không Thẻ / Hạng Chuẩn
17111,47,1,231.61,1,Không Thẻ / Hạng Chuẩn
17114,6,8,739.72,2,Thẻ Vàng - Kim Cương (Gold)
17115,8,3,806.9,0,Thẻ Bạc (Silver)
17117,288,1,116.2,1,Không Thẻ / Hạng Chuẩn
17118,318,1,157.02,1,Không Thẻ / Hạng Chuẩn
17119,3,2,593.61,0,Thẻ Bạc (Silver)
17120,233,1,307.46,1,Không Thẻ / Hạng Chuẩn
17122,119,1,138.32,1,Không Thẻ / Hạng Chuẩn
17123,162,1,345.3,1,Không Thẻ / Hạng Chuẩn
17124,185,1,294.24,1,Không Thẻ / Hạng Chuẩn
17125,50,1,230.5,1,Không Thẻ / Hạng Chuẩn
17126,152,5,976.55,0,Thẻ Bạc (Silver)
17128,335,1,157.09,1,Không Thẻ / Hạng Chuẩn
17131,5,5,2463.17,2,Thẻ Vàng - Kim Cương (Gold)
17133,16,7,4892.24,2,Thẻ Vàng - Kim Cương (Gold)
17134,107,2,413.2,1,Không Thẻ / Hạng Chuẩn
17135,16,7,1139.73,0,Thẻ Bạc (Silver)
17138,276,1,380.5,1,Không Thẻ / Hạng Chuẩn
17139,16,12,10567.87,2,Thẻ Vàng - Kim Cương (Gold)
17140,247,1,454.12,1,Không Thẻ / Hạng Chuẩn
17142,239,1,579.0,1,Không Thẻ / Hạng Chuẩn
17144,1,2,984.57,2,Thẻ Vàng - Kim Cương (Gold)
17146,106,3,749.78,0,Thẻ Bạc (Silver)
17147,23,4,1679.64,0,Thẻ Bạc (Silver)
17148,52,1,124.88,1,Không Thẻ / Hạng Chuẩn
17152,195,3,1503.5,0,Thẻ Bạc (Silver)
17153,24,1,213.78,1,Không Thẻ / Hạng Chuẩn
17154,75,1,329.34,1,Không Thẻ / Hạng Chuẩn
17155,18,2,251.7,0,Thẻ Bạc (Silver)
17157,8,2,306.55,0,Thẻ Bạc (Silver)
17158,32,3,1266.97,0,Thẻ Bạc (Silver)
17159,22,3,1534.73,0,Thẻ Bạc (Silver)
17160,31,6,3518.03,2,Thẻ Vàng - Kim Cương (Gold)
17162,29,10,1707.21,2,Thẻ Vàng - Kim Cương (Gold)
17163,22,2,293.1,0,Thẻ Bạc (Silver)
17164,33,7,2466.4,0,Thẻ Bạc (Silver)
17165,284,1,158.68,1,Không Thẻ / Hạng Chuẩn
17166,39,2,189.49,1,Không Thẻ / Hạng Chuẩn
17169,58,2,816.88,0,Thẻ Bạc (Silver)
17171,289,1,224.91,1,Không Thẻ / Hạng Chuẩn
17172,79,1,313.26,1,Không Thẻ / Hạng Chuẩn
17173,5,8,3755.65,2,Thẻ Vàng - Kim Cương (Gold)
17174,218,1,59.9,1,Không Thẻ / Hạng Chuẩn
17175,44,4,1430.94,0,Thẻ Bạc (Silver)
17176,202,1,306.13,1,Không Thẻ / Hạng Chuẩn
17179,178,3,711.79,0,Thẻ Bạc (Silver)
17180,56,4,768.32,0,Thẻ Bạc (Silver)
17181,57,2,239.92,1,Không Thẻ / Hạng Chuẩn
17183,8,6,3286.91,2,Thẻ Vàng - Kim Cương (Gold)
17186,47,2,144.0,1,Không Thẻ / Hạng Chuẩn
17187,227,1,203.95,1,Không Thẻ / Hạng Chuẩn
17188,11,7,2275.58,2,Thẻ Vàng - Kim Cương (Gold)
17189,106,2,383.75,1,Không Thẻ / Hạng Chuẩn
17190,59,2,249.74,1,Không Thẻ / Hạng Chuẩn
17191,28,7,2093.68,0,Thẻ Bạc (Silver)
17193,36,7,1674.46,0,Thẻ Bạc (Silver)
17194,274,2,262.62,1,Không Thẻ / Hạng Chuẩn
17197,30,1,1013.01,0,Thẻ Bạc (Silver)
17198,24,3,692.22,0,Thẻ Bạc (Silver)
17201,54,1,289.78,1,Không Thẻ / Hạng Chuẩn
17203,36,6,3560.08,0,Thẻ Bạc (Silver)
17204,175,4,1352.91,0,Thẻ Bạc (Silver)
17205,54,1,384.08,1,Không Thẻ / Hạng Chuẩn
17206,53,1,204.24,1,Không Thẻ / Hạng Chuẩn
17211,27,8,2299.67,2,Thẻ Vàng - Kim Cương (Gold)
17212,253,1,226.85,1,Không Thẻ / Hạng Chuẩn
17213,40,7,2741.08,0,Thẻ Bạc (Silver)
17214,60,6,974.12,0,Thẻ Bạc (Silver)
17217,234,1,113.5,1,Không Thẻ / Hạng Chuẩn
17218,4,10,1951.97,2,Thẻ Vàng - Kim Cương (Gold)
17219,32,1,114.23,1,Không Thẻ / Hạng Chuẩn
17220,24,14,3187.55,2,Thẻ Vàng - Kim Cương (Gold)
17221,7,2,334.48,0,Thẻ Bạc (Silver)
17222,65,1,328.65,1,Không Thẻ / Hạng Chuẩn
17223,310,2,416.89,1,Không Thẻ / Hạng Chuẩn
17226,309,1,393.49,1,Không Thẻ / Hạng Chuẩn
17227,19,6,939.32,0,Thẻ Bạc (Silver)
17228,16,8,1906.09,2,Thẻ Vàng - Kim Cương (Gold)
17229,96,2,318.76,1,Không Thẻ / Hạng Chuẩn
17230,264,8,3466.67,0,Thẻ Bạc (Silver)
17231,12,10,3078.22,2,Thẻ Vàng - Kim Cương (Gold)
17232,3,2,417.77,0,Thẻ Bạc (Silver)
17233,35,1,190.88,1,Không Thẻ / Hạng Chuẩn
17234,183,1,149.89,1,Không Thẻ / Hạng Chuẩn
17235,25,2,550.06,0,Thẻ Bạc (Silver)
17236,13,6,916.13,0,Thẻ Bạc (Silver)
17237,11,2,314.69,0,Thẻ Bạc (Silver)
17238,3,17,3719.1,2,Thẻ Vàng - Kim Cương (Gold)
17239,313,1,379.95,1,Không Thẻ / Hạng Chuẩn
17242,108,2,1135.04,0,Thẻ Bạc (Silver)
17243,1,26,8491.75,2,Thẻ Vàng - Kim Cương (Gold)
17244,53,1,954.9,1,Không Thẻ / Hạng Chuẩn
17245,205,1,171.45,1,Không Thẻ / Hạng Chuẩn
17247,15,1,280.09,1,Không Thẻ / Hạng Chuẩn
17248,120,1,318.65,1,Không Thẻ / Hạng Chuẩn
17250,4,2,381.97,0,Thẻ Bạc (Silver)
17251,363,1,269.83,1,Không Thẻ / Hạng Chuẩn
17252,117,2,348.91,1,Không Thẻ / Hạng Chuẩn
17253,18,1,178.26,1,Không Thẻ / Hạng Chuẩn
17254,5,2,271.19,0,Thẻ Bạc (Silver)
17255,41,2,291.48,1,Không Thẻ / Hạng Chuẩn
17256,107,2,240.0,1,Không Thẻ / Hạng Chuẩn
17259,148,2,581.23,1,Không Thẻ / Hạng Chuẩn
17262,52,5,1253.36,0,Thẻ Bạc (Silver)
17263,208,1,63.44,1,Không Thẻ / Hạng Chuẩn
17265,139,2,550.01,1,Không Thẻ / Hạng Chuẩn
17266,2,3,296.58,0,Thẻ Bạc (Silver)
17267,127,2,317.2,1,Không Thẻ / Hạng Chuẩn
17268,108,4,763.64,0,Thẻ Bạc (Silver)
17272,42,4,2144.53,0,Thẻ Bạc (Silver)
17274,35,1,107.82,1,Không Thẻ / Hạng Chuẩn
17277,228,2,1065.35,1,Không Thẻ / Hạng Chuẩn
17278,241,1,246.04,1,Không Thẻ / Hạng Chuẩn
17279,58,1,187.83,1,Không Thẻ / Hạng Chuẩn
17282,130,3,1685.46,0,Thẻ Bạc (Silver)
17284,60,6,1636.58,0,Thẻ Bạc (Silver)
17286,22,1,151.37,1,Không Thẻ / Hạng Chuẩn
17287,26,7,1049.06,0,Thẻ Bạc (Silver)
17288,9,7,1417.63,2,Thẻ Vàng - Kim Cương (Gold)
17289,32,3,922.77,0,Thẻ Bạc (Silver)
17290,4,2,513.01,0,Thẻ Bạc (Silver)
17291,308,1,550.8,1,Không Thẻ / Hạng Chuẩn
17293,8,9,1854.06,2,Thẻ Vàng - Kim Cương (Gold)
17295,29,3,547.0,0,Thẻ Bạc (Silver)
17297,17,1,128.18,1,Không Thẻ / Hạng Chuẩn
17298,101,2,498.42,1,Không Thẻ / Hạng Chuẩn
17299,12,4,656.61,0,Thẻ Bạc (Silver)
17301,21,1,163.24,1,Không Thẻ / Hạng Chuẩn
17302,15,5,1119.93,0,Thẻ Bạc (Silver)
17303,361,1,250.04,1,Không Thẻ / Hạng Chuẩn
17306,11,19,8600.73,2,Thẻ Vàng - Kim Cương (Gold)
17309,95,1,82.75,1,Không Thẻ / Hạng Chuẩn
17311,78,2,1384.85,0,Thẻ Bạc (Silver)
17312,139,3,644.3,0,Thẻ Bạc (Silver)
17313,31,1,2288.13,0,Thẻ Bạc (Silver)
17314,25,8,2514.76,2,Thẻ Vàng - Kim Cương (Gold)
17315,2,38,6193.43,2,Thẻ Vàng - Kim Cương (Gold)
17317,46,3,2524.02,0,Thẻ Bạc (Silver)
17320,100,3,1200.62,0,Thẻ Bạc (Silver)
17321,8,2,657.16,0,Thẻ Bạc (Silver)
17323,15,7,894.44,0,Thẻ Bạc (Silver)
17324,18,4,986.48,0,Thẻ Bạc (Silver)
17325,280,1,96.8,1,Không Thẻ / Hạng Chuẩn
17329,14,2,523.11,0,Thẻ Bạc (Silver)
17330,23,2,363.9,0,Thẻ Bạc (Silver)
17331,124,1,175.2,1,Không Thẻ / Hạng Chuẩn
17333,86,1,494.25,1,Không Thẻ / Hạng Chuẩn
17334,302,2,306.6,1,Không Thẻ / Hạng Chuẩn
17337,151,4,1897.51,0,Thẻ Bạc (Silver)
17338,17,8,6461.79,2,Thẻ Vàng - Kim Cương (Gold)
17339,94,2,243.36,1,Không Thẻ / Hạng Chuẩn
17340,30,11,11891.18,2,Thẻ Vàng - Kim Cương (Gold)
17341,157,3,682.29,0,Thẻ Bạc (Silver)
17343,355,1,193.64,1,Không Thẻ / Hạng Chuẩn
17344,46,1,157.62,1,Không Thẻ / Hạng Chuẩn
17345,15,4,519.69,0,Thẻ Bạc (Silver)
17346,4,15,2557.9,2,Thẻ Vàng - Kim Cương (Gold)
17347,86,1,228.96,1,Không Thẻ / Hạng Chuẩn
17348,15,5,1156.6,0,Thẻ Bạc (Silver)
17349,179,1,98.25,1,Không Thẻ / Hạng Chuẩn
17350,8,4,1251.44,0,Thẻ Bạc (Silver)
17351,36,3,587.15,0,Thẻ Bạc (Silver)
17353,129,2,1740.0,0,Thẻ Bạc (Silver)
17354,51,1,1393.06,0,Thẻ Bạc (Silver)
17356,312,1,178.22,1,Không Thẻ / Hạng Chuẩn
17357,24,2,384.39,0,Thẻ Bạc (Silver)
17358,303,2,360.81,1,Không Thẻ / Hạng Chuẩn
17359,11,1,127.86,1,Không Thẻ / Hạng Chuẩn
17360,17,3,568.24,0,Thẻ Bạc (Silver)
17361,49,3,488.2,0,Thẻ Bạc (Silver)
17362,239,2,312.23,1,Không Thẻ / Hạng Chuẩn
17364,1,11,4437.23,2,Thẻ Vàng - Kim Cương (Gold)
17365,13,8,4767.36,2,Thẻ Vàng - Kim Cương (Gold)
17367,238,1,167.55,1,Không Thẻ / Hạng Chuẩn
17368,23,8,1315.72,0,Thẻ Bạc (Silver)
17370,73,4,446.18,0,Thẻ Bạc (Silver)
17371,17,3,418.4,0,Thẻ Bạc (Silver)
17372,41,8,1337.18,0,Thẻ Bạc (Silver)
17373,40,4,646.92,0,Thẻ Bạc (Silver)
17374,219,2,495.77,1,Không Thẻ / Hạng Chuẩn
17375,199,3,372.5,1,Không Thẻ / Hạng Chuẩn
17376,71,2,203.2,1,Không Thẻ / Hạng Chuẩn
17377,24,20,3883.32,2,Thẻ Vàng - Kim Cương (Gold)
17379,11,1,389.72,0,Thẻ Bạc (Silver)
17381,9,29,20272.43,2,Thẻ Vàng - Kim Cương (Gold)
17382,65,1,65.4,1,Không Thẻ / Hạng Chuẩn
17383,4,1,193.39,0,Thẻ Bạc (Silver)
17384,19,2,336.4,0,Thẻ Bạc (Silver)
17385,15,1,256.11,1,Không Thẻ / Hạng Chuẩn
17386,8,6,2686.42,2,Thẻ Vàng - Kim Cương (Gold)
17387,20,2,746.81,0,Thẻ Bạc (Silver)
17388,78,4,1259.56,0,Thẻ Bạc (Silver)
17389,1,34,31300.08,2,Thẻ Vàng - Kim Cương (Gold)
17391,164,2,508.8,1,Không Thẻ / Hạng Chuẩn
17392,307,2,417.27,1,Không Thẻ / Hạng Chuẩn
17394,219,1,203.87,1,Không Thẻ / Hạng Chuẩn
17396,39,8,7330.8,2,Thẻ Vàng - Kim Cương (Gold)
17397,22,2,681.41,0,Thẻ Bạc (Silver)
17398,115,3,653.38,0,Thẻ Bạc (Silver)
17400,126,5,2097.84,0,Thẻ Bạc (Silver)
17402,5,13,2633.85,2,Thẻ Vàng - Kim Cương (Gold)
17403,36,1,263.92,1,Không Thẻ / Hạng Chuẩn
17404,4,15,30300.82,2,Thẻ Vàng - Kim Cương (Gold)
17405,1,3,967.22,2,Thẻ Vàng - Kim Cương (Gold)
17406,333,3,1912.72,0,Thẻ Bạc (Silver)
17408,163,1,32.65,1,Không Thẻ / Hạng Chuẩn
17409,185,2,771.85,1,Không Thẻ / Hạng Chuẩn
17410,16,5,1214.72,0,Thẻ Bạc (Silver)
17411,12,3,748.94,0,Thẻ Bạc (Silver)
17412,3,7,1258.06,2,Thẻ Vàng - Kim Cương (Gold)
17414,44,2,778.0,0,Thẻ Bạc (Silver)
17415,80,1,507.84,1,Không Thẻ / Hạng Chuẩn
17416,30,7,6838.34,2,Thẻ Vàng - Kim Cương (Gold)
17418,42,2,463.46,0,Thẻ Bạc (Silver)
17419,11,12,4200.97,2,Thẻ Vàng - Kim Cương (Gold)
17420,50,3,598.83,0,Thẻ Bạc (Silver)
17422,16,6,1853.13,2,Thẻ Vàng - Kim Cương (Gold)
17423,46,2,663.63,0,Thẻ Bạc (Silver)
17425,19,2,759.17,0,Thẻ Bạc (Silver)
17426,8,6,5022.26,2,Thẻ Vàng - Kim Cương (Gold)
17427,72,1,100.8,1,Không Thẻ / Hạng Chuẩn
17428,1,28,17078.45,2,Thẻ Vàng - Kim Cương (Gold)
17429,128,3,512.12,0,Thẻ Bạc (Silver)
17430,33,2,265.76,1,Không Thẻ / Hạng Chuẩn
17431,313,1,403.3,1,Không Thẻ / Hạng Chuẩn
17432,18,2,365.76,0,Thẻ Bạc (Silver)
17433,88,1,303.16,1,Không Thẻ / Hạng Chuẩn
17434,2,7,2333.42,2,Thẻ Vàng - Kim Cương (Gold)
17436,2,2,216.3,0,Thẻ Bạc (Silver)
17438,254,1,378.3,1,Không Thẻ / Hạng Chuẩn
17440,157,3,177.1,1,Không Thẻ / Hạng Chuẩn
17442,37,6,2210.26,0,Thẻ Bạc (Silver)
17443,220,1,534.24,1,Không Thẻ / Hạng Chuẩn
17444,148,3,2940.04,0,Thẻ Bạc (Silver)
17446,177,2,120.9,1,Không Thẻ / Hạng Chuẩn
17447,40,2,541.53,0,Thẻ Bạc (Silver)
17449,2,7,2503.21,2,Thẻ Vàng - Kim Cương (Gold)
17450,8,46,187322.17,2,Thẻ Vàng - Kim Cương (Gold)
17451,1,7,1648.95,2,Thẻ Vàng - Kim Cương (Gold)
17453,18,2,486.72,0,Thẻ Bạc (Silver)
17454,192,4,517.53,0,Thẻ Bạc (Silver)
17455,204,1,131.7,1,Không Thẻ / Hạng Chuẩn
17456,365,1,249.86,1,Không Thẻ / Hạng Chuẩn
17457,127,5,1737.7,0,Thẻ Bạc (Silver)
17458,15,1,316.5,1,Không Thẻ / Hạng Chuẩn
17459,43,2,657.3,0,Thẻ Bạc (Silver)
17460,94,6,452.63,0,Thẻ Bạc (Silver)
17461,23,3,735.82,0,Thẻ Bạc (Silver)
17462,60,2,662.94,0,Thẻ Bạc (Silver)
17463,16,5,1860.81,0,Thẻ Bạc (Silver)
17464,158,1,289.96,1,Không Thẻ / Hạng Chuẩn
17466,10,2,763.28,0,Thẻ Bạc (Silver)
17468,10,2,137.0,0,Thẻ Bạc (Silver)
17469,16,5,1843.06,0,Thẻ Bạc (Silver)
17470,45,5,1125.07,0,Thẻ Bạc (Silver)
17472,191,3,697.54,0,Thẻ Bạc (Silver)
17475,79,1,194.37,1,Không Thẻ / Hạng Chuẩn
17480,78,1,506.51,1,Không Thẻ / Hạng Chuẩn
17481,4,4,1249.34,2,Thẻ Vàng - Kim Cương (Gold)
17483,65,3,414.04,0,Thẻ Bạc (Silver)
17486,261,1,396.87,1,Không Thẻ / Hạng Chuẩn
17489,59,2,376.64,1,Không Thẻ / Hạng Chuẩn
17490,1,7,1926.88,2,Thẻ Vàng - Kim Cương (Gold)
17491,1,10,3541.92,2,Thẻ Vàng - Kim Cương (Gold)
17492,248,1,374.57,1,Không Thẻ / Hạng Chuẩn
17495,8,2,497.56,0,Thẻ Bạc (Silver)
17496,359,1,271.05,1,Không Thẻ / Hạng Chuẩn
17498,76,1,272.22,1,Không Thẻ / Hạng Chuẩn
17499,290,1,622.88,1,Không Thẻ / Hạng Chuẩn
17500,17,3,1138.0,0,Thẻ Bạc (Silver)
17501,221,2,288.6,1,Không Thẻ / Hạng Chuẩn
17502,9,4,689.1,0,Thẻ Bạc (Silver)
17503,3,2,558.96,0,Thẻ Bạc (Silver)
17504,206,9,2745.28,0,Thẻ Bạc (Silver)
17505,162,2,1145.84,0,Thẻ Bạc (Silver)
17506,76,1,294.29,1,Không Thẻ / Hạng Chuẩn
17507,262,2,605.58,1,Không Thẻ / Hạng Chuẩn
17508,281,1,387.31,1,Không Thẻ / Hạng Chuẩn
17509,58,8,6069.24,2,Thẻ Vàng - Kim Cương (Gold)
17510,25,1,308.48,1,Không Thẻ / Hạng Chuẩn
17511,3,31,88125.38,2,Thẻ Vàng - Kim Cương (Gold)
17512,29,10,2920.04,2,Thẻ Vàng - Kim Cương (Gold)
17513,72,1,513.2,1,Không Thẻ / Hạng Chuẩn
17514,128,1,208.65,1,Không Thẻ / Hạng Chuẩn
17515,31,4,639.02,0,Thẻ Bạc (Silver)
17516,15,5,764.88,0,Thẻ Bạc (Silver)
17517,309,1,153.94,1,Không Thẻ / Hạng Chuẩn
17519,17,6,1839.07,0,Thẻ Bạc (Silver)
17520,54,1,546.81,1,Không Thẻ / Hạng Chuẩn
17521,30,3,721.96,0,Thẻ Bạc (Silver)
17522,2,5,1070.71,2,Thẻ Vàng - Kim Cương (Gold)
17523,11,4,652.74,0,Thẻ Bạc (Silver)
17524,361,1,145.0,1,Không Thẻ / Hạng Chuẩn
17525,360,1,422.7,1,Không Thẻ / Hạng Chuẩn
17526,5,4,706.7,0,Thẻ Bạc (Silver)
17527,54,4,888.86,0,Thẻ Bạc (Silver)
17528,1,8,3540.1,2,Thẻ Vàng - Kim Cương (Gold)
17530,1,10,2367.12,2,Thẻ Vàng - Kim Cương (Gold)
17531,190,1,293.45,1,Không Thẻ / Hạng Chuẩn
17534,54,1,223.36,1,Không Thẻ / Hạng Chuẩn
17535,280,1,164.4,1,Không Thẻ / Hạng Chuẩn
17536,177,1,76.5,1,Không Thẻ / Hạng Chuẩn
17537,30,2,887.67,0,Thẻ Bạc (Silver)
17538,26,1,98.42,1,Không Thẻ / Hạng Chuẩn
17540,25,2,570.4,0,Thẻ Bạc (Silver)
17542,270,1,170.75,1,Không Thẻ / Hạng Chuẩn
17545,43,3,642.32,0,Thẻ Bạc (Silver)
17549,24,2,148.86,1,Không Thẻ / Hạng Chuẩn
17550,197,3,267.16,1,Không Thẻ / Hạng Chuẩn
17551,359,1,290.34,1,Không Thẻ / Hạng Chuẩn
17552,60,4,909.96,0,Thẻ Bạc (Silver)
17553,130,1,1487.6,1,Không Thẻ / Hạng Chuẩn
17554,1,5,1952.45,2,Thẻ Vàng - Kim Cương (Gold)
17555,20,2,480.31,0,Thẻ Bạc (Silver)
17556,206,1,157.9,1,Không Thẻ / Hạng Chuẩn
17557,14,3,541.46,0,Thẻ Bạc (Silver)
17560,95,4,854.95,0,Thẻ Bạc (Silver)
17561,19,1,165.12,1,Không Thẻ / Hạng Chuẩn
17562,14,7,1107.38,0,Thẻ Bạc (Silver)
17564,24,3,454.01,0,Thẻ Bạc (Silver)
17566,8,2,869.77,0,Thẻ Bạc (Silver)
17567,7,8,4012.56,2,Thẻ Vàng - Kim Cương (Gold)
17569,332,1,344.14,1,Không Thẻ / Hạng Chuẩn
17571,50,4,1425.67,0,Thẻ Bạc (Silver)
17572,71,4,226.75,0,Thẻ Bạc (Silver)
17573,29,3,362.9,0,Thẻ Bạc (Silver)
17574,243,1,185.65,1,Không Thẻ / Hạng Chuẩn
17576,8,19,3399.93,2,Thẻ Vàng - Kim Cương (Gold)
17578,218,1,124.74,1,Không Thẻ / Hạng Chuẩn
17579,5,3,440.2,0,Thẻ Bạc (Silver)
17580,253,3,215.72,1,Không Thẻ / Hạng Chuẩn
17581,1,25,10716.31,2,Thẻ Vàng - Kim Cương (Gold)
17582,236,1,175.27,1,Không Thẻ / Hạng Chuẩn
17584,7,2,1227.3,0,Thẻ Bạc (Silver)
17585,109,4,1116.68,0,Thẻ Bạc (Silver)
17588,100,3,1240.2,0,Thẻ Bạc (Silver)
17589,60,4,2404.17,0,Thẻ Bạc (Silver)
17590,2,3,1468.02,2,Thẻ Vàng - Kim Cương (Gold)
17591,73,7,2192.72,0,Thẻ Bạc (Silver)
17593,4,5,3908.08,2,Thẻ Vàng - Kim Cương (Gold)
17594,85,2,993.18,0,Thẻ Bạc (Silver)
17595,12,2,386.69,0,Thẻ Bạc (Silver)
17596,23,7,2806.69,2,Thẻ Vàng - Kim Cương (Gold)
17597,214,1,2044.37,1,Không Thẻ / Hạng Chuẩn
17600,18,1,161.67,1,Không Thẻ / Hạng Chuẩn
17601,239,1,116.01,1,Không Thẻ / Hạng Chuẩn
17602,2,6,5002.22,2,Thẻ Vàng - Kim Cương (Gold)
17604,217,2,309.36,1,Không Thẻ / Hạng Chuẩn
17608,33,2,191.99,1,Không Thẻ / Hạng Chuẩn
17609,41,5,1097.48,0,Thẻ Bạc (Silver)
17611,7,15,3924.77,2,Thẻ Vàng - Kim Cương (Gold)
17612,53,6,1992.76,0,Thẻ Bạc (Silver)
17613,23,14,4494.77,2,Thẻ Vàng - Kim Cương (Gold)
17614,57,1,386.32,1,Không Thẻ / Hạng Chuẩn
17615,130,3,329.6,1,Không Thẻ / Hạng Chuẩn
17616,174,3,571.2,0,Thẻ Bạc (Silver)
17618,6,3,930.28,0,Thẻ Bạc (Silver)
17619,312,1,214.37,1,Không Thẻ / Hạng Chuẩn
17620,60,1,81.44,1,Không Thẻ / Hạng Chuẩn
17621,21,3,1336.1,0,Thẻ Bạc (Silver)
17623,33,1,527.05,1,Không Thẻ / Hạng Chuẩn
17624,15,2,843.48,0,Thẻ Bạc (Silver)
17625,18,4,2020.4,0,Thẻ Bạc (Silver)
17628,81,1,75.75,1,Không Thẻ / Hạng Chuẩn
17629,6,8,1784.12,2,Thẻ Vàng - Kim Cương (Gold)
17630,170,2,503.6,1,Không Thẻ / Hạng Chuẩn
17631,2,3,528.33,0,Thẻ Bạc (Silver)
17633,31,4,1242.34,0,Thẻ Bạc (Silver)
17634,36,9,2358.59,2,Thẻ Vàng - Kim Cương (Gold)
17636,19,1,265.93,1,Không Thẻ / Hạng Chuẩn
17637,31,2,547.06,0,Thẻ Bạc (Silver)
17639,276,1,108.5,1,Không Thẻ / Hạng Chuẩn
17640,87,1,621.66,1,Không Thẻ / Hạng Chuẩn
17642,120,2,712.29,1,Không Thẻ / Hạng Chuẩn
17643,373,1,101.55,1,Không Thẻ / Hạng Chuẩn
17644,1,11,2768.98,2,Thẻ Vàng - Kim Cương (Gold)
17646,219,3,995.66,0,Thẻ Bạc (Silver)
17647,65,1,133.06,1,Không Thẻ / Hạng Chuẩn
17648,61,4,1789.55,0,Thẻ Bạc (Silver)
17649,138,1,861.74,1,Không Thẻ / Hạng Chuẩn
17650,21,1,166.08,1,Không Thẻ / Hạng Chuẩn
17651,12,10,3886.67,2,Thẻ Vàng - Kim Cương (Gold)
17652,25,12,4737.13,2,Thẻ Vàng - Kim Cương (Gold)
17653,37,4,1175.88,0,Thẻ Bạc (Silver)
17654,277,1,117.55,1,Không Thẻ / Hạng Chuẩn
17655,11,7,2571.74,2,Thẻ Vàng - Kim Cương (Gold)
17656,73,5,1674.69,0,Thẻ Bạc (Silver)
17658,26,2,485.88,0,Thẻ Bạc (Silver)
17659,17,12,2954.75,2,Thẻ Vàng - Kim Cương (Gold)
17660,141,1,178.75,1,Không Thẻ / Hạng Chuẩn
17663,26,7,1788.27,0,Thẻ Bạc (Silver)
17664,19,2,604.64,0,Thẻ Bạc (Silver)
17666,4,2,728.16,0,Thẻ Bạc (Silver)
17667,66,5,2055.51,0,Thẻ Bạc (Silver)
17668,1,2,347.75,0,Thẻ Bạc (Silver)
17669,43,7,3406.72,2,Thẻ Vàng - Kim Cương (Gold)
17670,228,1,205.7,1,Không Thẻ / Hạng Chuẩn
17671,16,4,1284.08,0,Thẻ Bạc (Silver)
17672,50,2,3106.62,0,Thẻ Bạc (Silver)
17673,2,6,1588.07,2,Thẻ Vàng - Kim Cương (Gold)
17674,74,2,551.04,0,Thẻ Bạc (Silver)
17675,1,31,20098.1,2,Thẻ Vàng - Kim Cương (Gold)
17676,4,6,1366.77,2,Thẻ Vàng - Kim Cương (Gold)
17677,2,30,16201.37,2,Thẻ Vàng - Kim Cương (Gold)
17678,264,1,298.11,1,Không Thẻ / Hạng Chuẩn
17679,53,2,1992.11,0,Thẻ Bạc (Silver)
17680,24,1,184.4,1,Không Thẻ / Hạng Chuẩn
17682,10,6,2459.33,2,Thẻ Vàng - Kim Cương (Gold)
17684,44,1,239.41,1,Không Thẻ / Hạng Chuẩn
17685,17,7,3155.83,2,Thẻ Vàng - Kim Cương (Gold)
17686,7,7,5739.46,2,Thẻ Vàng - Kim Cương (Gold)
17690,30,15,4717.3,2,Thẻ Vàng - Kim Cương (Gold)
17691,358,2,290.4,1,Không Thẻ / Hạng Chuẩn
17692,127,4,733.44,0,Thẻ Bạc (Silver)
17693,137,1,187.02,1,Không Thẻ / Hạng Chuẩn
17694,142,1,283.12,1,Không Thẻ / Hạng Chuẩn
17695,132,2,765.34,1,Không Thẻ / Hạng Chuẩn
17696,38,8,2201.05,0,Thẻ Bạc (Silver)
17697,236,1,338.95,1,Không Thẻ / Hạng Chuẩn
17698,261,1,154.95,1,Không Thẻ / Hạng Chuẩn
17700,17,4,2508.89,0,Thẻ Bạc (Silver)
17701,253,1,417.95,1,Không Thẻ / Hạng Chuẩn
17702,30,4,1719.72,0,Thẻ Bạc (Silver)
17703,35,3,798.74,0,Thẻ Bạc (Silver)
17704,169,2,885.19,1,Không Thẻ / Hạng Chuẩn
17705,3,9,1781.12,2,Thẻ Vàng - Kim Cương (Gold)
17706,4,17,10097.37,2,Thẻ Vàng - Kim Cương (Gold)
17707,185,2,152.4,1,Không Thẻ / Hạng Chuẩn
17708,188,2,263.33,1,Không Thẻ / Hạng Chuẩn
17709,170,1,137.45,1,Không Thẻ / Hạng Chuẩn
17711,11,2,385.1,0,Thẻ Bạc (Silver)
17712,45,1,522.91,1,Không Thẻ / Hạng Chuẩn
17714,321,1,153.0,1,Không Thẻ / Hạng Chuẩn
17715,201,1,326.4,1,Không Thẻ / Hạng Chuẩn
17716,23,11,5505.79,2,Thẻ Vàng - Kim Cương (Gold)
17718,232,1,139.35,1,Không Thẻ / Hạng Chuẩn
17719,38,15,5367.8,2,Thẻ Vàng - Kim Cương (Gold)
17720,26,4,1195.94,0,Thẻ Bạc (Silver)
17722,96,4,2380.64,0,Thẻ Bạc (Silver)
17723,127,6,3276.4,0,Thẻ Bạc (Silver)
17724,71,3,995.65,0,Thẻ Bạc (Silver)
17725,16,11,3371.13,2,Thẻ Vàng - Kim Cương (Gold)
17727,15,1,1042.55,0,Thẻ Bạc (Silver)
17728,4,3,2515.68,2,Thẻ Vàng - Kim Cương (Gold)
17730,3,13,5288.83,2,Thẻ Vàng - Kim Cương (Gold)
17731,79,4,878.2,0,Thẻ Bạc (Silver)
17732,373,1,303.97,1,Không Thẻ / Hạng Chuẩn
17733,39,2,692.19,0,Thẻ Bạc (Silver)
17734,54,3,700.63,0,Thẻ Bạc (Silver)
17735,2,19,13110.02,2,Thẻ Vàng - Kim Cương (Gold)
17736,9,3,337.49,0,Thẻ Bạc (Silver)
17737,9,2,168.24,0,Thẻ Bạc (Silver)
17738,19,4,1863.35,0,Thẻ Bạc (Silver)
17739,12,7,2786.05,2,Thẻ Vàng - Kim Cương (Gold)
17742,113,2,355.11,1,Không Thẻ / Hạng Chuẩn
17744,4,6,2291.08,2,Thẻ Vàng - Kim Cương (Gold)
17746,240,1,98.8,1,Không Thẻ / Hạng Chuẩn
17747,113,1,64.65,1,Không Thẻ / Hạng Chuẩn
17749,178,2,674.52,1,Không Thẻ / Hạng Chuẩn
17750,5,9,1710.45,2,Thẻ Vàng - Kim Cương (Gold)
17752,359,1,80.64,1,Không Thẻ / Hạng Chuẩn
17754,1,5,1632.31,2,Thẻ Vàng - Kim Cương (Gold)
17757,1,30,5573.59,2,Thẻ Vàng - Kim Cương (Gold)
17758,19,8,3408.2,2,Thẻ Vàng - Kim Cương (Gold)
17759,17,3,819.96,0,Thẻ Bạc (Silver)
17760,22,2,287.59,0,Thẻ Bạc (Silver)
17761,33,1,712.78,1,Không Thẻ / Hạng Chuẩn
17763,263,1,15.0,1,Không Thẻ / Hạng Chuẩn
17764,51,2,772.55,0,Thẻ Bạc (Silver)
17765,159,3,367.63,1,Không Thẻ / Hạng Chuẩn
17767,15,1,271.2,1,Không Thẻ / Hạng Chuẩn
17768,8,3,2081.9,0,Thẻ Bạc (Silver)
17769,13,10,3920.08,2,Thẻ Vàng - Kim Cương (Gold)
17770,199,5,1143.27,0,Thẻ Bạc (Silver)
17771,57,2,245.81,1,Không Thẻ / Hạng Chuẩn
17772,11,2,173.45,0,Thẻ Bạc (Silver)
17774,97,4,1203.78,0,Thẻ Bạc (Silver)
17775,255,1,56.4,1,Không Thẻ / Hạng Chuẩn
17777,25,3,647.56,0,Thẻ Bạc (Silver)
17779,21,3,633.92,0,Thẻ Bạc (Silver)
17781,159,2,188.02,1,Không Thẻ / Hạng Chuẩn
17783,72,2,283.47,1,Không Thẻ / Hạng Chuẩn
17785,53,1,131.94,1,Không Thẻ / Hạng Chuẩn
17786,85,2,266.85,1,Không Thẻ / Hạng Chuẩn
17787,153,4,1817.54,0,Thẻ Bạc (Silver)
17788,74,2,1117.9,0,Thẻ Bạc (Silver)
17789,281,1,225.9,1,Không Thẻ / Hạng Chuẩn
17790,27,14,1964.3,2,Thẻ Vàng - Kim Cương (Gold)
17791,30,1,106.1,1,Không Thẻ / Hạng Chuẩn
17793,25,1,300.34,1,Không Thẻ / Hạng Chuẩn
17795,180,2,342.83,1,Không Thẻ / Hạng Chuẩn
17796,40,4,690.0,0,Thẻ Bạc (Silver)
17797,22,3,780.43,0,Thẻ Bạc (Silver)
17799,22,10,3009.32,2,Thẻ Vàng - Kim Cương (Gold)
17800,37,9,1187.21,0,Thẻ Bạc (Silver)
17802,82,3,1251.84,0,Thẻ Bạc (Silver)
17805,74,1,512.31,1,Không Thẻ / Hạng Chuẩn
17806,11,1,546.04,0,Thẻ Bạc (Silver)
17809,16,12,4627.62,2,Thẻ Vàng - Kim Cương (Gold)
17811,4,39,7601.8,2,Thẻ Vàng - Kim Cương (Gold)
17812,13,4,699.81,0,Thẻ Bạc (Silver)
17813,14,5,1641.79,0,Thẻ Bạc (Silver)
17816,37,4,36.56,1,Không Thẻ / Hạng Chuẩn
17817,4,3,387.68,0,Thẻ Bạc (Silver)
17819,72,7,3661.07,0,Thẻ Bạc (Silver)
17824,51,1,298.4,1,Không Thẻ / Hạng Chuẩn
17827,5,5,1987.33,2,Thẻ Vàng - Kim Cương (Gold)
17828,23,4,1599.97,0,Thẻ Bạc (Silver)
17829,299,1,889.24,1,Không Thẻ / Hạng Chuẩn
17830,2,3,398.7,0,Thẻ Bạc (Silver)
17831,33,1,35.4,1,Không Thẻ / Hạng Chuẩn
17832,50,1,155.37,1,Không Thẻ / Hạng Chuẩn
17835,3,3,342.24,0,Thẻ Bạc (Silver)
17836,47,1,110.21,1,Không Thẻ / Hạng Chuẩn
17837,42,8,1508.38,0,Thẻ Bạc (Silver)
17838,27,5,2267.4,0,Thẻ Bạc (Silver)
17839,42,1,318.15,1,Không Thẻ / Hạng Chuẩn
17841,2,124,39869.05,2,Thẻ Vàng - Kim Cương (Gold)
17843,303,1,205.48,1,Không Thẻ / Hạng Chuẩn
17844,107,1,51.56,1,Không Thẻ / Hạng Chuẩn
17846,85,1,2033.1,0,Thẻ Bạc (Silver)
17848,81,9,901.2,0,Thẻ Bạc (Silver)
17849,218,4,605.8,0,Thẻ Bạc (Silver)
17850,372,34,5303.48,2,Thẻ Vàng - Kim Cương (Gold)
17852,12,2,114.34,1,Không Thẻ / Hạng Chuẩn
17854,185,2,311.26,1,Không Thẻ / Hạng Chuẩn
17855,373,1,208.97,1,Không Thẻ / Hạng Chuẩn
17856,2,4,1393.79,2,Thẻ Vàng - Kim Cương (Gold)
17857,4,23,26763.34,2,Thẻ Vàng - Kim Cương (Gold)
17858,6,12,5140.66,2,Thẻ Vàng - Kim Cương (Gold)
17859,305,1,141.92,1,Không Thẻ / Hạng Chuẩn
17860,369,1,226.45,1,Không Thẻ / Hạng Chuẩn
17861,3,8,2056.28,2,Thẻ Vàng - Kim Cương (Gold)
17862,324,1,330.9,1,Không Thẻ / Hạng Chuẩn
17863,59,6,3160.0,0,Thẻ Bạc (Silver)
17864,13,3,554.85,0,Thẻ Bạc (Silver)
17865,31,20,10158.54,2,Thẻ Vàng - Kim Cương (Gold)
17866,143,1,325.7,1,Không Thẻ / Hạng Chuẩn
17867,30,6,583.52,0,Thẻ Bạc (Silver)
17869,107,5,428.18,0,Thẻ Bạc (Silver)
17870,2,12,1860.94,2,Thẻ Vàng - Kim Cương (Gold)
17871,205,1,155.9,1,Không Thẻ / Hạng Chuẩn
17873,80,5,1754.16,0,Thẻ Bạc (Silver)
17874,185,6,658.26,0,Thẻ Bạc (Silver)
17877,170,1,237.61,1,Không Thẻ / Hạng Chuẩn
17878,44,1,379.45,1,Không Thẻ / Hạng Chuẩn
17879,174,1,178.52,1,Không Thẻ / Hạng Chuẩn
17880,365,1,458.92,1,Không Thẻ / Hạng Chuẩn
17881,304,1,133.35,1,Không Thẻ / Hạng Chuẩn
17883,3,4,664.34,0,Thẻ Bạc (Silver)
17884,4,4,695.07,0,Thẻ Bạc (Silver)
17885,12,1,156.34,1,Không Thẻ / Hạng Chuẩn
17886,32,3,869.28,0,Thẻ Bạc (Silver)
17887,129,1,111.35,1,Không Thẻ / Hạng Chuẩn
17888,21,8,515.73,0,Thẻ Bạc (Silver)
17889,212,2,201.37,1,Không Thẻ / Hạng Chuẩn
17890,323,2,586.89,1,Không Thẻ / Hạng Chuẩn
17891,162,1,203.86,1,Không Thẻ / Hạng Chuẩn
17892,56,3,244.1,1,Không Thẻ / Hạng Chuẩn
17893,225,1,107.21,1,Không Thẻ / Hạng Chuẩn
17894,72,8,1118.96,0,Thẻ Bạc (Silver)
17895,44,1,95.45,1,Không Thẻ / Hạng Chuẩn
17896,23,1,256.32,1,Không Thẻ / Hạng Chuẩn
17897,173,3,516.31,1,Không Thẻ / Hạng Chuẩn
17898,85,2,152.06,1,Không Thẻ / Hạng Chuẩn
17899,159,1,154.55,1,Không Thẻ / Hạng Chuẩn
17900,190,2,15.0,1,Không Thẻ / Hạng Chuẩn
17901,29,1,110.38,1,Không Thẻ / Hạng Chuẩn
17904,21,1,168.32,1,Không Thẻ / Hạng Chuẩn
17905,71,4,798.99,0,Thẻ Bạc (Silver)
17906,247,1,72.9,1,Không Thẻ / Hạng Chuẩn
17908,374,1,232.03,1,Không Thẻ / Hạng Chuẩn
17911,9,1,366.23,0,Thẻ Bạc (Silver)
17912,310,5,294.66,1,Không Thẻ / Hạng Chuẩn
17913,59,2,408.65,1,Không Thẻ / Hạng Chuẩn
17914,4,1,329.36,0,Thẻ Bạc (Silver)
17917,45,3,335.03,0,Thẻ Bạc (Silver)
17919,88,1,1304.04,1,Không Thẻ / Hạng Chuẩn
17920,4,17,4119.5,2,Thẻ Vàng - Kim Cương (Gold)
17921,64,4,820.23,0,Thẻ Bạc (Silver)
17923,282,1,207.5,1,Không Thẻ / Hạng Chuẩn
17924,12,7,2894.33,2,Thẻ Vàng - Kim Cương (Gold)
17925,373,1,244.08,1,Không Thẻ / Hạng Chuẩn
17926,133,2,397.29,1,Không Thẻ / Hạng Chuẩn
17928,45,2,212.54,1,Không Thẻ / Hạng Chuẩn
17929,11,4,834.5,0,Thẻ Bạc (Silver)
17930,36,5,1740.48,0,Thẻ Bạc (Silver)
17931,134,2,408.36,1,Không Thẻ / Hạng Chuẩn
17932,29,3,1331.57,0,Thẻ Bạc (Silver)
17934,52,2,704.25,0,Thẻ Bạc (Silver)
17935,138,2,145.79,1,Không Thẻ / Hạng Chuẩn
17936,5,1,380.13,0,Thẻ Bạc (Silver)
17937,9,7,4301.22,2,Thẻ Vàng - Kim Cương (Gold)
17939,160,1,99.14,1,Không Thẻ / Hạng Chuẩn
17940,49,10,1897.18,0,Thẻ Bạc (Silver)
17941,131,1,304.56,1,Không Thẻ / Hạng Chuẩn
17942,8,1,77.5,1,Không Thẻ / Hạng Chuẩn
17946,233,2,149.58,1,Không Thẻ / Hạng Chuẩn
17947,37,1,176.68,1,Không Thẻ / Hạng Chuẩn
17948,147,1,358.56,1,Không Thẻ / Hạng Chuẩn
17949,1,45,52750.84,2,Thẻ Vàng - Kim Cương (Gold)
17950,72,3,472.12,0,Thẻ Bạc (Silver)
17951,40,3,990.84,0,Thẻ Bạc (Silver)
17954,5,12,2276.78,2,Thẻ Vàng - Kim Cương (Gold)
17955,199,4,557.3,0,Thẻ Bạc (Silver)
17956,249,1,12.75,1,Không Thẻ / Hạng Chuẩn
17957,66,1,111.68,1,Không Thẻ / Hạng Chuẩn
17958,117,1,508.46,1,Không Thẻ / Hạng Chuẩn
17960,171,1,73.78,1,Không Thẻ / Hạng Chuẩn
17961,21,39,1296.44,2,Thẻ Vàng - Kim Cương (Gold)
17962,142,1,102.41,1,Không Thẻ / Hạng Chuẩn
17964,32,2,463.21,0,Thẻ Bạc (Silver)
17965,38,14,2599.19,2,Thẻ Vàng - Kim Cương (Gold)
17966,38,5,1098.43,0,Thẻ Bạc (Silver)
17967,372,1,112.27,1,Không Thẻ / Hạng Chuẩn
17968,374,1,265.1,1,Không Thẻ / Hạng Chuẩn
17969,166,2,228.2,1,Không Thẻ / Hạng Chuẩn
17970,211,1,562.79,1,Không Thẻ / Hạng Chuẩn
17972,242,1,135.19,1,Không Thẻ / Hạng Chuẩn
17973,52,1,337.04,1,Không Thẻ / Hạng Chuẩn
17974,25,3,703.99,0,Thẻ Bạc (Silver)
17975,15,13,4388.06,2,Thẻ Vàng - Kim Cương (Gold)
17976,372,1,321.79,1,Không Thẻ / Hạng Chuẩn
17977,29,1,288.14,1,Không Thẻ / Hạng Chuẩn
17978,365,1,300.92,1,Không Thẻ / Hạng Chuẩn
17979,36,4,712.51,0,Thẻ Bạc (Silver)
17980,166,3,811.45,0,Thẻ Bạc (Silver)
17984,145,1,152.68,1,Không Thẻ / Hạng Chuẩn
17985,22,1,631.35,0,Thẻ Bạc (Silver)
17986,56,1,20.8,1,Không Thẻ / Hạng Chuẩn
17987,185,1,198.57,1,Không Thẻ / Hạng Chuẩn
17988,12,7,191.17,0,Thẻ Bạc (Silver)
17990,237,3,630.84,1,Không Thẻ / Hạng Chuẩn
17991,225,2,93.35,1,Không Thẻ / Hạng Chuẩn
17994,122,4,626.09,0,Thẻ Bạc (Silver)
17995,282,1,76.1,1,Không Thẻ / Hạng Chuẩn
17997,74,8,1503.09,0,Thẻ Bạc (Silver)
17999,37,2,380.39,0,Thẻ Bạc (Silver)
18001,12,2,415.13,0,Thẻ Bạc (Silver)
18004,362,1,157.92,1,Không Thẻ / Hạng Chuẩn
18005,4,2,226.47,0,Thẻ Bạc (Silver)
18006,23,1,444.68,1,Không Thẻ / Hạng Chuẩn
18008,70,9,2116.19,0,Thẻ Bạc (Silver)
18009,235,1,242.29,1,Không Thẻ / Hạng Chuẩn
18010,257,1,174.8,1,Không Thẻ / Hạng Chuẩn
18011,373,1,102.79,1,Không Thẻ / Hạng Chuẩn
18013,155,2,187.29,1,Không Thẻ / Hạng Chuẩn
18014,28,1,162.22,1,Không Thẻ / Hạng Chuẩn
18015,4,1,120.03,1,Không Thẻ / Hạng Chuẩn
18016,32,5,1477.66,0,Thẻ Bạc (Silver)
18017,81,3,523.0,0,Thẻ Bạc (Silver)
18018,108,2,122.14,1,Không Thẻ / Hạng Chuẩn
18019,52,1,38.45,1,Không Thẻ / Hạng Chuẩn
18022,36,1,612.72,1,Không Thẻ / Hạng Chuẩn
18024,153,2,236.78,1,Không Thẻ / Hạng Chuẩn
18027,99,1,115.31,1,Không Thẻ / Hạng Chuẩn
18030,4,2,220.7,0,Thẻ Bạc (Silver)
18032,334,1,73.5,1,Không Thẻ / Hạng Chuẩn
18033,65,1,93.82,1,Không Thẻ / Hạng Chuẩn
18034,22,2,418.68,0,Thẻ Bạc (Silver)
18035,36,3,713.89,0,Thẻ Bạc (Silver)
18036,32,3,403.12,0,Thẻ Bạc (Silver)
18037,154,6,70.02,1,Không Thẻ / Hạng Chuẩn
18040,19,2,357.2,0,Thẻ Bạc (Silver)
18041,12,21,4075.12,2,Thẻ Vàng - Kim Cương (Gold)
18042,54,1,165.05,1,Không Thẻ / Hạng Chuẩn
18043,25,3,529.29,0,Thẻ Bạc (Silver)
18044,4,10,2085.65,2,Thẻ Vàng - Kim Cương (Gold)
18045,45,1,178.34,1,Không Thẻ / Hạng Chuẩn
18048,203,2,172.29,1,Không Thẻ / Hạng Chuẩn
18050,359,1,74.4,1,Không Thẻ / Hạng Chuẩn
18053,71,1,297.07,1,Không Thẻ / Hạng Chuẩn
18055,7,10,6729.29,2,Thẻ Vàng - Kim Cương (Gold)
18056,288,1,363.65,1,Không Thẻ / Hạng Chuẩn
18058,10,1,170.16,1,Không Thẻ / Hạng Chuẩn
18059,23,3,296.71,0,Thẻ Bạc (Silver)
18061,22,10,2119.41,2,Thẻ Vàng - Kim Cương (Gold)
18062,173,3,720.52,0,Thẻ Bạc (Silver)
18064,133,2,814.0,0,Thẻ Bạc (Silver)
18065,6,14,2380.08,2,Thẻ Vàng - Kim Cương (Gold)
18066,75,1,318.0,1,Không Thẻ / Hạng Chuẩn
18067,40,1,396.33,1,Không Thẻ / Hạng Chuẩn
18068,289,1,101.7,1,Không Thẻ / Hạng Chuẩn
18069,26,5,1994.39,0,Thẻ Bạc (Silver)
18071,258,2,453.0,1,Không Thẻ / Hạng Chuẩn
18073,114,12,3846.74,2,Thẻ Vàng - Kim Cương (Gold)
18074,374,1,489.6,1,Không Thẻ / Hạng Chuẩn
18075,23,10,2538.72,2,Thẻ Vàng - Kim Cương (Gold)
18077,8,11,2584.41,2,Thẻ Vàng - Kim Cương (Gold)
18078,217,2,336.13,1,Không Thẻ / Hạng Chuẩn
18079,45,4,3613.15,0,Thẻ Bạc (Silver)
18080,19,2,1231.5,0,Thẻ Bạc (Silver)
18081,36,3,343.45,0,Thẻ Bạc (Silver)
18082,26,1,680.84,1,Không Thẻ / Hạng Chuẩn
18084,16,1,87.53,1,Không Thẻ / Hạng Chuẩn
18085,330,2,689.95,1,Không Thẻ / Hạng Chuẩn
18086,274,1,101.34,1,Không Thẻ / Hạng Chuẩn
18087,98,2,3770.12,0,Thẻ Bạc (Silver)
18088,61,1,166.03,1,Không Thẻ / Hạng Chuẩn
18092,2,11,9065.76,2,Thẻ Vàng - Kim Cương (Gold)
18093,93,4,2083.42,0,Thẻ Bạc (Silver)
18094,82,7,3017.3,0,Thẻ Bạc (Silver)
18095,313,2,580.05,1,Không Thẻ / Hạng Chuẩn
18096,12,3,849.06,0,Thẻ Bạc (Silver)
18097,8,6,2657.45,2,Thẻ Vàng - Kim Cương (Gold)
18099,127,1,168.31,1,Không Thẻ / Hạng Chuẩn
18101,11,2,222.4,0,Thẻ Bạc (Silver)
18102,1,60,256438.49,2,Thẻ Vàng - Kim Cương (Gold)
18104,37,1,754.64,1,Không Thẻ / Hạng Chuẩn
18105,38,1,113.48,1,Không Thẻ / Hạng Chuẩn
18106,330,1,421.9,1,Không Thẻ / Hạng Chuẩn
18108,254,1,264.65,1,Không Thẻ / Hạng Chuẩn
18109,2,26,7877.27,2,Thẻ Vàng - Kim Cương (Gold)
18110,20,1,168.55,1,Không Thẻ / Hạng Chuẩn
18112,12,2,352.69,0,Thẻ Bạc (Silver)
18113,369,1,76.32,1,Không Thẻ / Hạng Chuẩn
18114,290,1,220.1,1,Không Thẻ / Hạng Chuẩn
18116,68,8,1403.11,0,Thẻ Bạc (Silver)
18117,26,1,315.65,1,Không Thẻ / Hạng Chuẩn
18118,11,26,5567.03,2,Thẻ Vàng - Kim Cương (Gold)
18119,368,1,180.7,1,Không Thẻ / Hạng Chuẩn
18120,214,1,111.15,1,Không Thẻ / Hạng Chuẩn
18121,149,2,653.3,1,Không Thẻ / Hạng Chuẩn
18122,8,6,1793.06,2,Thẻ Vàng - Kim Cương (Gold)
18123,24,2,574.44,0,Thẻ Bạc (Silver)
18125,30,4,1130.1,0,Thẻ Bạc (Silver)
18126,61,1,200.92,1,Không Thẻ / Hạng Chuẩn
18127,19,3,347.08,0,Thẻ Bạc (Silver)
18129,243,1,112.55,1,Không Thẻ / Hạng Chuẩn
18130,15,3,1045.74,0,Thẻ Bạc (Silver)
18133,212,1,715.5,1,Không Thẻ / Hạng Chuẩn
18135,29,5,681.91,0,Thẻ Bạc (Silver)
18136,63,3,761.83,0,Thẻ Bạc (Silver)
18138,295,1,152.65,1,Không Thẻ / Hạng Chuẩn
18139,18,6,8393.22,2,Thẻ Vàng - Kim Cương (Gold)
18142,157,2,1014.9,0,Thẻ Bạc (Silver)
18143,117,2,1000.16,0,Thẻ Bạc (Silver)
18144,8,12,2888.75,2,Thẻ Vàng - Kim Cương (Gold)
18145,13,4,2861.55,0,Thẻ Bạc (Silver)
18146,141,2,160.35,1,Không Thẻ / Hạng Chuẩn
18147,46,2,179.34,1,Không Thẻ / Hạng Chuẩn
18149,51,3,612.08,0,Thẻ Bạc (Silver)
18150,32,3,566.58,0,Thẻ Bạc (Silver)
18151,135,2,653.35,1,Không Thẻ / Hạng Chuẩn
18154,3,2,399.19,0,Thẻ Bạc (Silver)
18155,75,3,347.82,0,Thẻ Bạc (Silver)
18156,13,2,675.64,0,Thẻ Bạc (Silver)
18158,9,2,451.75,0,Thẻ Bạc (Silver)
18159,301,1,530.15,1,Không Thẻ / Hạng Chuẩn
18160,57,2,638.06,0,Thẻ Bạc (Silver)
18161,15,5,1612.79,0,Thẻ Bạc (Silver)
18164,37,1,394.7,1,Không Thẻ / Hạng Chuẩn
18165,177,1,302.46,1,Không Thẻ / Hạng Chuẩn
18167,23,3,1355.51,0,Thẻ Bạc (Silver)
18168,176,6,1123.74,0,Thẻ Bạc (Silver)
18169,61,1,202.65,1,Không Thẻ / Hạng Chuẩn
18170,33,3,980.31,0,Thẻ Bạc (Silver)
18171,59,5,1208.51,0,Thẻ Bạc (Silver)
18172,15,20,7490.17,2,Thẻ Vàng - Kim Cương (Gold)
18173,87,4,2106.84,0,Thẻ Bạc (Silver)
18174,7,1,104.0,1,Không Thẻ / Hạng Chuẩn
18176,358,1,448.65,1,Không Thẻ / Hạng Chuẩn
18177,31,6,1313.62,0,Thẻ Bạc (Silver)
18178,129,4,1573.41,0,Thẻ Bạc (Silver)
18179,9,6,1793.17,2,Thẻ Vàng - Kim Cương (Gold)
18180,5,6,1843.75,2,Thẻ Vàng - Kim Cương (Gold)
18181,24,1,366.85,1,Không Thẻ / Hạng Chuẩn
18183,227,2,600.52,1,Không Thẻ / Hạng Chuẩn
18184,15,1,49.8,1,Không Thẻ / Hạng Chuẩn
18185,249,1,304.25,1,Không Thẻ / Hạng Chuẩn
18188,15,3,1998.49,0,Thẻ Bạc (Silver)
18189,78,2,1084.34,0,Thẻ Bạc (Silver)
18190,192,2,274.51,1,Không Thẻ / Hạng Chuẩn
18191,262,1,207.8,1,Không Thẻ / Hạng Chuẩn
18192,72,1,957.97,1,Không Thẻ / Hạng Chuẩn
18193,165,1,212.96,1,Không Thẻ / Hạng Chuẩn
18194,82,1,896.0,1,Không Thẻ / Hạng Chuẩn
18196,95,2,686.63,0,Thẻ Bạc (Silver)
18198,4,17,5083.06,2,Thẻ Vàng - Kim Cương (Gold)
18200,106,1,150.35,1,Không Thẻ / Hạng Chuẩn
18202,200,3,1396.99,0,Thẻ Bạc (Silver)
18203,157,1,160.42,1,Không Thẻ / Hạng Chuẩn
18204,71,3,1960.95,0,Thẻ Bạc (Silver)
18205,36,2,517.36,0,Thẻ Bạc (Silver)
18209,29,1,139.1,1,Không Thẻ / Hạng Chuẩn
18210,2,6,2621.38,2,Thẻ Vàng - Kim Cương (Gold)
18211,26,5,600.07,0,Thẻ Bạc (Silver)
18212,326,1,216.07,1,Không Thẻ / Hạng Chuẩn
18213,237,1,232.48,1,Không Thẻ / Hạng Chuẩn
18215,89,1,299.34,1,Không Thẻ / Hạng Chuẩn
18216,31,1,481.75,1,Không Thẻ / Hạng Chuẩn
18217,29,2,621.75,0,Thẻ Bạc (Silver)
18218,211,2,606.22,1,Không Thẻ / Hạng Chuẩn
18219,3,10,2019.77,2,Thẻ Vàng - Kim Cương (Gold)
18220,227,1,297.78,1,Không Thẻ / Hạng Chuẩn
18221,22,5,1033.31,0,Thẻ Bạc (Silver)
18222,93,1,443.0,1,Không Thẻ / Hạng Chuẩn
18223,5,14,6315.23,2,Thẻ Vàng - Kim Cương (Gold)
18224,264,1,158.95,1,Không Thẻ / Hạng Chuẩn
18225,3,12,5356.86,2,Thẻ Vàng - Kim Cương (Gold)
18226,44,11,5192.1,2,Thẻ Vàng - Kim Cương (Gold)
18227,218,1,93.75,1,Không Thẻ / Hạng Chuẩn
18228,57,2,769.2,0,Thẻ Bạc (Silver)
18229,12,20,7276.9,2,Thẻ Vàng - Kim Cương (Gold)
18230,9,7,2716.6,2,Thẻ Vàng - Kim Cương (Gold)
18231,192,5,2054.67,0,Thẻ Bạc (Silver)
18232,82,4,582.47,0,Thẻ Bạc (Silver)
18233,326,1,440.0,1,Không Thẻ / Hạng Chuẩn
18235,72,3,1796.48,0,Thẻ Bạc (Silver)
18236,30,6,882.24,0,Thẻ Bạc (Silver)
18237,3,5,987.1,2,Thẻ Vàng - Kim Cương (Gold)
18239,219,5,1561.61,0,Thẻ Bạc (Silver)
18240,46,1,422.58,1,Không Thẻ / Hạng Chuẩn
18241,10,17,2058.09,2,Thẻ Vàng - Kim Cương (Gold)
18242,72,4,2232.49,0,Thẻ Bạc (Silver)
18245,7,7,2507.56,2,Thẻ Vàng - Kim Cương (Gold)
18246,24,2,596.1,0,Thẻ Bạc (Silver)
18248,123,2,783.02,0,Thẻ Bạc (Silver)
18249,17,1,95.34,1,Không Thẻ / Hạng Chuẩn
18250,310,1,342.92,1,Không Thẻ / Hạng Chuẩn
18251,87,1,4314.72,0,Thẻ Bạc (Silver)
18252,51,2,518.27,0,Thẻ Bạc (Silver)
18255,89,1,103.3,1,Không Thẻ / Hạng Chuẩn
18257,39,8,2265.38,0,Thẻ Bạc (Silver)
18259,25,3,2338.6,0,Thẻ Bạc (Silver)
18260,173,6,2580.15,0,Thẻ Bạc (Silver)
18261,43,2,324.24,1,Không Thẻ / Hạng Chuẩn
18262,140,1,149.48,1,Không Thẻ / Hạng Chuẩn
18263,26,3,1211.08,0,Thẻ Bạc (Silver)
18265,72,2,801.51,0,Thẻ Bạc (Silver)
18269,366,1,138.9,1,Không Thẻ / Hạng Chuẩn
18270,38,2,238.95,1,Không Thẻ / Hạng Chuẩn
18272,3,6,3064.78,2,Thẻ Vàng - Kim Cương (Gold)
18273,2,3,204.0,0,Thẻ Bạc (Silver)
18276,44,1,323.36,1,Không Thẻ / Hạng Chuẩn
18277,58,1,97.63,1,Không Thẻ / Hạng Chuẩn
18278,74,1,173.9,1,Không Thẻ / Hạng Chuẩn
18280,278,1,180.6,1,Không Thẻ / Hạng Chuẩn
18281,181,1,80.82,1,Không Thẻ / Hạng Chuẩn
18282,8,2,176.6,0,Thẻ Bạc (Silver)
18283,4,16,2045.53,2,Thẻ Vàng - Kim Cương (Gold)
18287,43,3,1837.28,0,Thẻ Bạc (Silver)
